section,sample_name,count
food_chemistry_2025,لوز امريكي ني,75
food_chemistry_2025,فستق امريكي ني,46
food_chemistry_2025,كاجو ني,28
food_chemistry_2025,كاجو فيتنامي ني,24
food_chemistry_2025,فستق ني,20
food_chemistry_2025,لوز ني امريكي,19
food_chemistry_2025,فستق ليمون,18
food_chemistry_2025,لوز ني,15
food_chemistry_2025,كاجو فتنامي ني,15
food_chemistry_2025,كاجو امريكي ني,15
food_chemistry_2025,لوز امريكي,12
food_chemistry_2025,فستق ني امريكي,12
pesticides_2024,بصل ابيض White onions,9
food_chemistry_2025,كاجو ني فتنامي,9
food_chemistry_2025,فستق مالح,8
food_chemistry_2025,فستق ليمون امريكي,8
food_chemistry_2025,لوز افغاني ني,6
food_chemistry_2025,لوز ليمون,6
food_chemistry_2025,كاجو فتنامي,6
food_chemistry_2025,فستق امريكي,6
food_chemistry_2025,كاجو ني امريكي,6
pesticides_2024,بصل ابيض,5
food_chemistry_2025,كاجو هندي ني,5
food_chemistry_2025,لوز ني افغاني,5
pesticides_2024,فجل ابيض Radishes,4
food_chemistry_2025,لوز افغاني,4
food_chemistry_2025,فستق امريكي بالليمون,4
food_chemistry_2025,فول سوداني محمص,3
food_chemistry_2025,كاجو مالح,3
food_chemistry_2025,لوز مالح,3
food_chemistry_2025,كاجو محمص,3
food_chemistry_2025,فول سوداني,3
food_chemistry_2025,ترمس حلو,3
honey_2025,عسل عينة خاصة,2
honey_2025,عسل,2
honey_2025,عسل طبيعي,2
aflatoxins_2025,عسل,2
pesticides_2024,بصل ابيض Onions,2
food_chemistry_2025,لوز مدخن,2
food_chemistry_2025,فول سوداني مملح,2
food_chemistry_2025,لوز يمني ني,2
food_chemistry_2025,لوز امريكي مالح,2
food_chemistry_2025,كاجو هندي,2
heavy_metals_2025,زيت زيتون,1
heavy_metals_2025,دبس,1
heavy_metals_2025,عسل,1
honey_2025,عسل بشاور رقم 1,1
honey_2025,عسل يمني,1
honey_2025,عسل زهور برية,1
honey_2025,عسل طلح فاخر,1
honey_2025,عينة خاصة عسل,1
honey_2025,عينة خاصة دبس,1
honey_2025,عسل م- ك,1
honey_2025,عسل سدر يمني م ك,1
honey_2025,عسل سدر م ك,1
honey_2025,عسل سدر مستورد باكستاني,1
honey_2025,عسل سدر حضرمي,1
honey_2025,عسل سدر بشاور,1
honey_2025,عسل زهور جبلي,1
honey_2025,عسل سدر اماراتي,1
honey_2025,عسل سمره اماراتي,1
honey_2025,عسل طلح محلي,1
honey_2025,عسل حبة البركة مستورد,1
honey_2025,عسل شوكة يمني,1
honey_2025,عسل برسيم مستورد من مصر,1
food_chemistry_2024,بصل مجفف ابيض,1
food_chemistry_2024,خبز توست ابيض,1
food_chemistry_2024,بصل مجفف ابيض ني,1
food_chemistry_2024,طحين ابيض,1
aflatoxins_2025,عسل بشاور رقم 1,1
aflatoxins_2025,عسل يمني,1
aflatoxins_2025,1مكسرات يابانيه,1
aflatoxins_2025,مكسرات يابانيه 2,1
aflatoxins_2025,رقائق بطاطس تركية1,1
aflatoxins_2025,عسل زهور برية,1
aflatoxins_2025,عسل طلح فاخر,1
aflatoxins_2025,دبس,1
aflatoxins_2025,سميد خشن,1
aflatoxins_2025,حبة البركة,1
pesticides_2025,دبس,1
pesticides_2025,عسل,1
pesticides_2024,فطر ابيض علبه,1
pesticides_2024,فجل ابيض,1
pesticides_2024,بصل أبيض White onion,1
aflatoxins_2024,بصل مجفف ابيض ني,1
food_chemistry_2025,شوكلاتة دارك,1
food_chemistry_2025,فستق حار,1
food_chemistry_2025,كاجو جامبو,1
food_chemistry_2025,لوز بالليمون,1
food_chemistry_2025,فول سوداني مالح,1
food_chemistry_2025,كاجو بالجبنة,1
food_chemistry_2025,لوز محمص,1
food_chemistry_2025,مشمش مجفف,1
food_chemistry_2025,فول سوداني ني,1
food_chemistry_2025,عسل بشاور رقم 1,1
food_chemistry_2025,عسل يمني,1
food_chemistry_2025,1مكسرات يابانيه,1
food_chemistry_2025,مكسرات يابانيه 2,1
food_chemistry_2025,رقائق بطاطس تركية1,1
food_chemistry_2025,رقائق بطاطس تركية 2,1
food_chemistry_2025,كاجو محمص بدون ملح,1
food_chemistry_2025,الفستق مالح,1
food_chemistry_2025,عسل عينة خاصة,1
food_chemistry_2025,عسل زهور برية,1
food_chemistry_2025,عسل طلح فاخر,1
food_chemistry_2025,كاجو نبي,1
food_chemistry_2025,فول سوداني مصري,1
food_chemistry_2025,تمر القصيم,1
food_chemistry_2025,لوز أمريكي ني,1
food_chemistry_2025,لوز محمص بدون ملح,1
food_chemistry_2025,لوز امركي امريكي ني,1
food_chemistry_2025,كاجو ليمون,1
food_chemistry_2025,لوز محمص سادة,1
food_chemistry_2025,لوز امريكي (ني),1
food_chemistry_2025,ترمس مر,1
food_chemistry_2025,زبيب افغاني اسود,1
food_chemistry_2025,لوز يمني,1
food_chemistry_2025,فستق امركي ني,1
food_chemistry_2025,كاجو مجهول المصدر,1
food_chemistry_2025,فستق ليمون مجهول المصدر,1
food_chemistry_2025,لوز ليمون مجهول المصدر,1
food_chemistry_2025,كاجو محمص سادة,1
food_chemistry_2025,كاجو فتنامي كبير ني,1
food_chemistry_2025,لوز افغاني صغير,1
food_chemistry_2025,فستق امريكي ليمون,1
food_chemistry_2025,كاجو ني فيتنامي,1
food_chemistry_2025,كاجو فيتنامي محمص,1
food_chemistry_2025,لوز برازيلي,1
food_chemistry_2025,كاجو مشوي هندي,1
food_chemistry_2025,لوز خام امريكي,1
food_chemistry_2025,صنوبر,1
food_chemistry_2025,كاجو خام,1
food_chemistry_2025,فستق محمص امريكي,1
food_chemistry_2025,كاجو محمص امريكي,1
food_chemistry_2025,بيكان امريكي,1
food_chemistry_2025,كاجو وسابي,1
food_chemistry_2025,كاجو باربكيو,1
food_chemistry_2025,فستق تركي,1
food_chemistry_2025,بيكان,1
food_chemistry_2025,لوز أفغاني ني,1
food_chemistry_2025,فستق أمريكي ني,1
food_chemistry_2025,كاجو,1
food_chemistry_2025,كاجو اردني ني,1
food_chemistry_2025,شعير هندي محمص,1
food_chemistry_2025,كاجو ني فتناني,1
food_chemistry_2025,لوز مشوي,1
food_chemistry_2025,هيل امريكي رقم ١,1
food_chemistry_2025,لوز برازيلي جامبو,1
food_chemistry_2025,كاجو خام فيتنامي ني,1
food_chemistry_2025,جوز برازيلي,1
food_chemistry_2025,زبيب رازقي,1
food_chemistry_2025,لوز حلبي ني,1
food_chemistry_2025,لوز امريكي مدخن,1
food_chemistry_2025,مكسرات ياباني,1
food_chemistry_2025,كاجو امريكي مدخن,1
food_chemistry_2025,فستق ملح وليمون,1
food_chemistry_2025,زبيب اصفر امريكي جامو,1
food_chemistry_2025,لوز ليمون امريكي,1
food_chemistry_2025,فتسق امريكي ني,1
food_chemistry_2025,اللوز فتنامي,1
food_chemistry_2025,فستق سوري ني,1
food_chemistry_2025,فستق تمريكي ني,1
food_chemistry_2025,فستق ليمون ني,1
food_chemistry_2025,فستق الليمون,1
food_chemistry_2025,كاجو مدخن,1
