sample_name,gso_category
ايس تي خوخ,"Tomato Concentrates, Sauces, Vinegar, Spices and Herbs"
ايس تي,"Tomato Concentrates, Sauces, Vinegar, Spices and Herbs"
قهوة باردة,"Tomato Concentrates, Sauces, Vinegar, Spices and Herbs"
مشروب ايس تي,"Tomato Concentrates, Sauces, Vinegar, Spices and Herbs"
مشروب ايس كافي,"Tomato Concentrates, Sauces, Vinegar, Spices and Herbs"
قهوة كولد برو,"Tomato Concentrates, Sauces, Vinegar, Spices and Herbs"
شاي بالخوخ,"Tomato Concentrates, Sauces, Vinegar, Spices and Herbs"
شاهي اخضر,"Tomato Concentrates, Sauces, Vinegar, Spices and Herbs"
عصير شاي - سويت تي,"Tomato Concentrates, Sauces, Vinegar, Spices and Herbs"
ايس تي مشروب,"Tomato Concentrates, Sauces, Vinegar, Spices and Herbs"
مشروب قهوة باردة,"Tomato Concentrates, Sauces, Vinegar, Spices and Herbs"
قهوة باردة (مشروب),"Tomato Concentrates, Sauces, Vinegar, Spices and Herbs"
مشروب شاهي بارد,"Tomato Concentrates, Sauces, Vinegar, Spices and Herbs"
مشروب شاهي مثلج بالسكر,"Tomato Concentrates, Sauces, Vinegar, Spices and Herbs"
عصير ليمون (تبولة),"Tomato Concentrates, Sauces, Vinegar, Spices and Herbs"
شراب قهوة سائلة,"Tomato Concentrates, Sauces, Vinegar, Spices and Herbs"
شراب شاهي اخضر,"Tomato Concentrates, Sauces, Vinegar, Spices and Herbs"
شراب شاهي اسود,"Tomato Concentrates, Sauces, Vinegar, Spices and Herbs"
مياه طبخ فلتر م-ك,Drinking Water
قهوة باردة سورس,"Tomato Concentrates, Sauces, Vinegar, Spices and Herbs"
ايس كرك,"Tomato Concentrates, Sauces, Vinegar, Spices and Herbs"
اي ستي كركدية,"Tomato Concentrates, Sauces, Vinegar, Spices and Herbs"
حليب صويا,Dairy Products
ايس تي اخضر,"Tomato Concentrates, Sauces, Vinegar, Spices and Herbs"
قهوة اسبريسو,"Tomato Concentrates, Sauces, Vinegar, Spices and Herbs"
مشروب شاهي قرفة,"Tomato Concentrates, Sauces, Vinegar, Spices and Herbs"
شاهي مركز خوخ,"Tomato Concentrates, Sauces, Vinegar, Spices and Herbs"
ايس تي مديني اخضر,"Tomato Concentrates, Sauces, Vinegar, Spices and Herbs"
قهوة لاتية,"Tomato Concentrates, Sauces, Vinegar, Spices and Herbs"
قهوة فرنسي بارد,"Tomato Concentrates, Sauces, Vinegar, Spices and Herbs"
قهوة موكا بارد,"Tomato Concentrates, Sauces, Vinegar, Spices and Herbs"
قهوة اليوم باردة,"Tomato Concentrates, Sauces, Vinegar, Spices and Herbs"
ايس كافي,"Tomato Concentrates, Sauces, Vinegar, Spices and Herbs"
ايدام عدس,Ready to Eat Foods
تشيز كيك ايسكريم,Dairy Products
تشيز ايسكريم,Dairy Products
صلصة ذرة,"Tomato Concentrates, Sauces, Vinegar, Spices and Herbs"
سلطة فول مدمس,Ready to Eat Foods
سلطة ذرة حلوة,Ready to Eat Foods
بتر شوكولاته كبير,"Chocolate, Sweets and their Ingredients"
مسحه حافظه شابورة (1),Environmental Swabs
مسحه حافظه شابورة (2),Environmental Swabs
مسحه حافظه شابورة (3),Environmental Swabs
مسحه حافظه شابورة (4),Environmental Swabs
فول بالطماطم - مطبوخ,Ready to Eat Foods
فتوش - مقبلات,Ready to Eat Foods
فول قلابة مطبوخ,Ready to Eat Foods
جريش احمر,Ready to Eat Foods
م ك 1سرات يابانية,"Chocolate, Sweets and their Ingredients"
مكسرات يابانية,"Chocolate, Sweets and their Ingredients"
مشروب بلو بيري,Beverages
جريش مطبوخ,Ready to Eat Foods
فاصوليا حمراء مطبوخ,Ready to Eat Foods
شعير فيدكو,Animal Feed
شعير مضغوط,Animal Feed
شعيرة دجاج مطبوخ,"Meat, Poultry and its Products"
شوفان مع حليب شوفان,Ready to Eat Foods
تراميسو,Cereals; Legumes and their Products
كروسان زعتر,Cereals; Legumes and their Products
حلا لوتس,Cereals; Legumes and their Products
كريم كراميل,Ready to Eat Foods
كروسان سادة,Cereals; Legumes and their Products
تشيز كيك فراولة,Cereals; Legumes and their Products
خبز,Cereals; Legumes and their Products
فطيرة زعتر,Cereals; Legumes and their Products
كيكة عسل,Cereals; Legumes and their Products
كروسان شوكولاتة,Cereals; Legumes and their Products
تشيز كيك,Cereals; Legumes and their Products
خبز فتوش,Cereals; Legumes and their Products
خبز صاج,Cereals; Legumes and their Products
حلا جلي فراولة,"Jelly, Jam and Marmalade"
كوكيز,Cereals; Legumes and their Products
فطيرة جبن مالح,Cereals; Legumes and their Products
فطيرة سبانخ,Cereals; Legumes and their Products
كريمة كراميل,Ready to Eat Foods
كيك رد فلفت,Cereals; Legumes and their Products
كروسان جبن مالح,Cereals; Legumes and their Products
كوكيز شوكولاتة,Cereals; Legumes and their Products
حلا فراولة,Cereals; Legumes and their Products
كيك عسل,Cereals; Legumes and their Products
خبز معصوب,Cereals; Legumes and their Products
كريمة,Ready to Eat Foods
تشيز كيك توت,Cereals; Legumes and their Products
حلا كريم كراميل,Ready to Eat Foods
كروسان جبن شيدر,Cereals; Legumes and their Products
كورسان سادة,Cereals; Legumes and their Products
كروسان شوكليت,Cereals; Legumes and their Products
تارت بيكان,Ready to Eat Foods
خبز بالتمر,Cereals; Legumes and their Products
حلا توت بري,Cereals; Legumes and their Products
تشيز كيك لوتس,Cereals; Legumes and their Products
كروسان لبنة عسل,Cereals; Legumes and their Products
كروسان نقانق,Cereals; Legumes and their Products
كيك تمر,Cereals; Legumes and their Products
رد فلفت,Cereals; Legumes and their Products
كيك تراميسو,Cereals; Legumes and their Products
كروسان لوز,Cereals; Legumes and their Products
خبز برجر,Cereals; Legumes and their Products
حلا اوريو,Cereals; Legumes and their Products
معمول بالتمر,Cereals; Legumes and their Products
حلا جلكسي,Cereals; Legumes and their Products
كروسان بالجبن,Cereals; Legumes and their Products
فطيرة لبنة بالزعتر,Cereals; Legumes and their Products
كورسان زعتر,Cereals; Legumes and their Products
حلا كريمة,Ready to Eat Foods
كروسان بالزعتر,Cereals; Legumes and their Products
خبز صامولي بالسمسم,Cereals; Legumes and their Products
دونت كلاسيك,Cereals; Legumes and their Products
كيك فراولة,Cereals; Legumes and their Products
كوكيز فانيلا,Cereals; Legumes and their Products
فطيرة تفاح,Cereals; Legumes and their Products
كيكة زعفران,Cereals; Legumes and their Products
كروسان جبن,Cereals; Legumes and their Products
كيكة فراولة,Cereals; Legumes and their Products
كيكة شوكولاتة,Cereals; Legumes and their Products
انقلش كيك,Cereals; Legumes and their Products
كيك اوريو,Cereals; Legumes and their Products
خبز صامولي ابيض,Cereals; Legumes and their Products
كيكة رد فلفت,Cereals; Legumes and their Products
حلا تطلي,Ready to Eat Foods
كروسان بالجبنة,Cereals; Legumes and their Products
خبز تميس,Cereals; Legumes and their Products
تشيز كيك ايس كريم,Dairy Products
كيك شوكولاتة,Cereals; Legumes and their Products
فطيرة سادة,Cereals; Legumes and their Products
كورسان شوكولاتة,Cereals; Legumes and their Products
فطيرة جبن شيدر,Cereals; Legumes and their Products
حلا تشيز كيك,Cereals; Legumes and their Products
دونت لوتس,Cereals; Legumes and their Products
كروسان لبنة بالزعتر,Cereals; Legumes and their Products
كيك ليمون,Cereals; Legumes and their Products
تارت فواكه,Ready to Eat Foods
فطيرة خضار,Ready to Eat Foods
كيكة تراميسو,Cereals; Legumes and their Products
حلا كراميل,Ready to Eat Foods
سينابون,Cereals; Legumes and their Products
براوني,Cereals; Legumes and their Products
دونت نوتيلا,Cereals; Legumes and their Products
كروسان بستاشو,Cereals; Legumes and their Products
تشيز كيك مدريد,Cereals; Legumes and their Products
كوكيز شوكليت,Cereals; Legumes and their Products
جيلي احمر,"Jelly, Jam and Marmalade"
كعك سكر,Cereals; Legumes and their Products
كعك سادة,Cereals; Legumes and their Products
كيك,Cereals; Legumes and their Products
بسكوت,Cereals; Legumes and their Products
دنيش بلو بيري,Cereals; Legumes and their Products
فطيرة لبنة زعتر,Ready to Eat Foods
مافن كيك,Cereals; Legumes and their Products
كيكة لوتس,Cereals; Legumes and their Products
تيراميسو,Cereals; Legumes and their Products
كيك بستاشو,Cereals; Legumes and their Products
حلا جالكسي,Cereals; Legumes and their Products
حلا فيمتو,Cereals; Legumes and their Products
حلا الشيف,Cereals; Legumes and their Products
حلا مانجا ترفل,Cereals; Legumes and their Products
فطيرة جبنة بيضاء,Ready to Eat Foods
كيك كراميل,Cereals; Legumes and their Products
كيك كت كات,Cereals; Legumes and their Products
جلي احمر,"Jelly, Jam and Marmalade"
عصيدة,Cereals; Legumes and their Products
تشيز كيك شوكولاتة,Cereals; Legumes and their Products
حلا شوكولاتة بالجوز الهند,Cereals; Legumes and their Products
حلا بيتي فور مشكل,Cereals; Legumes and their Products
تشيز كيك بلو بيري,Cereals; Legumes and their Products
خبز مشلتت لبنة بالعسل,Ready to Eat Foods
كورسان جبن مالح,Cereals; Legumes and their Products
كيك لوتس,Cereals; Legumes and their Products
كروسان جبنة,Cereals; Legumes and their Products
بيتزا صغير,Ready to Eat Foods
مسحة حافظة الشابورة,Environmental Swabs
خبز محمص,Cereals; Legumes and their Products
بسكوت سمسم,Cereals; Legumes and their Products
كروسان جبنة سائلة,Cereals; Legumes and their Products
دونت كراميل كرانش,Cereals; Legumes and their Products
حلا خشخاش,Cereals; Legumes and their Products
حلا شعيرية,Cereals; Legumes and their Products
حلا كاستر,Cereals; Legumes and their Products
كروسان جبنة شيدر,Cereals; Legumes and their Products
تشيز كيك اوريو,Cereals; Legumes and their Products
كيك فانيلا,Cereals; Legumes and their Products
فطيرة جبن,Cereals; Legumes and their Products
تشيز كيك فانيلا,Cereals; Legumes and their Products
تشيز ايس كريم,Dairy Products
كريم كراميل حلا,Ready to Eat Foods
حلا نوتيلا,Cereals; Legumes and their Products
حلا جلي القرية,"Jelly, Jam and Marmalade"
فطيرة جبن بقدونس,Cereals; Legumes and their Products
فطيرة باذنجان,Cereals; Legumes and their Products
كورسان شيدر,Cereals; Legumes and their Products
كيك سباستيان,Cereals; Legumes and their Products
كيكة مانجا,Cereals; Legumes and their Products
مانشكينز كوكيز جليزد,Cereals; Legumes and their Products
شوكولاتة كيك,Cereals; Legumes and their Products
براوني شوكولاتة,Cereals; Legumes and their Products
كرانش شوكولاتة,Cereals; Legumes and their Products
سينابون رول,Cereals; Legumes and their Products
خبز مفرود ابيض,Cereals; Legumes and their Products
خبز محمرة,Ready to Eat Foods
كيكة اوريو,Ready to Eat Foods
تارت فراولة,Ready to Eat Foods
فطيرة عش البلبل,Cereals; Legumes and their Products
تشيز كيك توت احمر,Cereals; Legumes and their Products
كروسان جبنة مالحة,Cereals; Legumes and their Products
حلا قشطوطة,Cereals; Legumes and their Products
حلا كرانشي,Cereals; Legumes and their Products
حلا شوكولاتة بسكوت,Cereals; Legumes and their Products
براونيز,Cereals; Legumes and their Products
كلير شوكولاتة,Cereals; Legumes and their Products
كيك سان سبستيان,Cereals; Legumes and their Products
كيكة كراميل,Cereals; Legumes and their Products
كيك شوكليت,Cereals; Legumes and their Products
مافن شوكليت,Cereals; Legumes and their Products
فطيرة بيكان,Cereals; Legumes and their Products
كروسان جبن مع زعتر,Cereals; Legumes and their Products
كروسان شيدر,Cereals; Legumes and their Products
كيك براوني,Cereals; Legumes and their Products
كيك موز,Cereals; Legumes and their Products
حلا كيتو,Cereals; Legumes and their Products
جوز الهند,Fruit and Vegetables
حلا ياقلبوة,Cereals; Legumes and their Products
فطيرة ست كريمة,Cereals; Legumes and their Products
عجانة معمول,Environmental Swabs
حلا روز بيري مع كراميل,Cereals; Legumes and their Products
حلا شوكولاتة الدراق,Cereals; Legumes and their Products
حلا طبقات,Cereals; Legumes and their Products
حلا بالجوز الهند,Cereals; Legumes and their Products
حلا زبادي باتش,Cereals; Legumes and their Products
حلا ميني اكلير بستاشو,Cereals; Legumes and their Products
حلا ميني اكلير شوكولاته,Cereals; Legumes and their Products
حلا سلانكتية,Cereals; Legumes and their Products
حلا امبلية,Cereals; Legumes and their Products
حلا كرات,Cereals; Legumes and their Products
حلا كلير,Cereals; Legumes and their Products
حلا كريمة بالبر,Cereals; Legumes and their Products
حلا لايك حلا,Cereals; Legumes and their Products
حلا بسكوت اوريو,Cereals; Legumes and their Products
حلا منزلي,Cereals; Legumes and their Products
مسحه حافظه حلا (1),Environmental Swabs
مسحه حافظه حلا (2),Environmental Swabs
حلا اكلير,Cereals; Legumes and their Products
حلا توفي رفيف,Cereals; Legumes and their Products
حلا لوتس رفيف,Cereals; Legumes and their Products
حلا جالكسي رفيف,Cereals; Legumes and their Products
حلا نوتيلا رفيف,Cereals; Legumes and their Products
حلا توت رفيف,Cereals; Legumes and their Products
حلا اوريو رفيف,Cereals; Legumes and their Products
حلا خشخش رفيف,Cereals; Legumes and their Products
حلا فراولة رفيف,Cereals; Legumes and their Products
حلا برتقال رفيف,Cereals; Legumes and their Products
عصيدة - مطبوخة,Ready to Eat Foods
معصوب,Ready to Eat Foods
تشيزكيك توت,Cereals; Legumes and their Products
باف الفطر و الجبنة,Ready to Eat Foods
حلا توت,Cereals; Legumes and their Products
حلا كنادين مابيل,Cereals; Legumes and their Products
حلا مغطس بالفانيلا,Cereals; Legumes and their Products
حلا كيت كات,Cereals; Legumes and their Products
حلا شوكولاتة دبل,Cereals; Legumes and their Products
حلا انقلش كيك,Cereals; Legumes and their Products
حلا بدنق,Cereals; Legumes and their Products
مولتن كيك رد فلفت,Cereals; Legumes and their Products
فطيرة بالجبن,Ready to Eat Foods
فطيرة حلاوة طحينة,Ready to Eat Foods
فطيرة لوتس,Ready to Eat Foods
خبز بريوشة,Cereals; Legumes and their Products
شوكولاتة حليب مع كوكيز,Cereals; Legumes and their Products
حلا كوكيز شوكولاتة,Cereals; Legumes and their Products
حلا كوكيز فانيلا,Cereals; Legumes and their Products
جلي الفواكه حلا,"Jelly, Jam and Marmalade"
تشيز كيك توت بري حلا,Cereals; Legumes and their Products
تيشيز كيك شوكوتة,Cereals; Legumes and their Products
فطيرة لبنة بالزعتر والخيار,Ready to Eat Foods
فطيرة تركي,Ready to Eat Foods
فطيرة شيش طاووق,Ready to Eat Foods
فطيرة دجاج بالمايونيز,Ready to Eat Foods
كروسون جبنة فيتا,Cereals; Legumes and their Products
كورساون جبنة جودة,Cereals; Legumes and their Products
دونات نوتيلا بالزعتر,Cereals; Legumes and their Products
بيقل حلوم والبيستو,Ready to Eat Foods
كورسان كوكيز,Cereals; Legumes and their Products
كورسان فستق رول,Cereals; Legumes and their Products
ميني كورسان فيتا,Cereals; Legumes and their Products
كورسان لبنة زعتر,Cereals; Legumes and their Products
كيكة الغابة السوداء,Cereals; Legumes and their Products
كيكة الجزر,Cereals; Legumes and their Products
كيك سان سبيستان,Cereals; Legumes and their Products
كيكة كريم كراميل,Cereals; Legumes and their Products
سويت اونيو,Cereals; Legumes and their Products
دونت رد فلفلت,Cereals; Legumes and their Products
دونت بالفراولة,Cereals; Legumes and their Products
دونت بستاشيو مع كنافة,Cereals; Legumes and their Products
دونت ميني تشوروز,Cereals; Legumes and their Products
دونت كت كات,Cereals; Legumes and their Products
كيلر فرنسي,Cereals; Legumes and their Products
سويت رول,Cereals; Legumes and their Products
سباستيان,Cereals; Legumes and their Products
فطيرة جبن صغير,Ready to Eat Foods
حلا بودنق,Cereals; Legumes and their Products
قطع كيك شوكولاتة مع كريمة,Cereals; Legumes and their Products
قطع كيك فراولة,Cereals; Legumes and their Products
كيك جزر,Cereals; Legumes and their Products
كورسان لوز,Cereals; Legumes and their Products
كورسان جبن,Cereals; Legumes and their Products
تربل كيك شوكولاتة,Cereals; Legumes and their Products
كيك فول سوداني,Cereals; Legumes and their Products
كوكيز كراميل,Cereals; Legumes and their Products
كرات البروتين,Cereals; Legumes and their Products
كيك شوكولاتة دريم,Cereals; Legumes and their Products
كعكة ليمون,Cereals; Legumes and their Products
فطيرة جبنة كريمة,Ready to Eat Foods
خبز صغير (بر),Cereals; Legumes and their Products
خبز صغير (ابيض),Cereals; Legumes and their Products
خبز ابيض صغير,Cereals; Legumes and their Products
دونت باليمون,Cereals; Legumes and their Products
كورسان بالجبنة,Cereals; Legumes and their Products
كورسان بالزعتر,Cereals; Legumes and their Products
فطيرة كوفي رول,Ready to Eat Foods
مانشكينز جليزد,Cereals; Legumes and their Products
دونات كاستر,Cereals; Legumes and their Products
دونات كلاسك,Cereals; Legumes and their Products
دونات نوتيلا دريم كيك,Cereals; Legumes and their Products
تشيز كيك بالتوت,Cereals; Legumes and their Products
فطيرة دنش,Ready to Eat Foods
فطيرة دنش فراولة,Ready to Eat Foods
بن كيك,Cereals; Legumes and their Products
وافل,Cereals; Legumes and their Products
كيكة شوكولاتة مع فستق,Cereals; Legumes and their Products
كيكة رمان,Cereals; Legumes and their Products
كيك لوز,Cereals; Legumes and their Products
كيك بالجزر,Cereals; Legumes and their Products
كيك بادج,Cereals; Legumes and their Products
شوكلير,Cereals; Legumes and their Products
دونات شوكولاتة,Cereals; Legumes and their Products
دونات وايت شوكولاتة,Cereals; Legumes and their Products
كروسان سادة (زبدة),Cereals; Legumes and their Products
دنيش بالكاستر,Ready to Eat Foods
ون نيلا كيك,Cereals; Legumes and their Products
روز بيري كيك,Cereals; Legumes and their Products
خبز مجفف,Cereals; Legumes and their Products
مكرون بالتوت,Cereals; Legumes and their Products
مكرون فانيلا,Cereals; Legumes and their Products
حلويات فرانسية,Cereals; Legumes and their Products
كيكة الفستق الحلبي,Cereals; Legumes and their Products
فطيرة كلوب ساندوتش,Ready to Eat Foods
مكرون,Cereals; Legumes and their Products
مكس اكلير,Cereals; Legumes and their Products
كيكة بستاشيو,Cereals; Legumes and their Products
قرنتي براوني,Cereals; Legumes and their Products
كروسان زبدة,Cereals; Legumes and their Products
راز بيري كيك,Cereals; Legumes and their Products
كيكة المكسرات,Cereals; Legumes and their Products
تارت اناناس,Ready to Eat Foods
من كيك,Cereals; Legumes and their Products
تارت شوكولاتة,Ready to Eat Foods
موز بالشوكولاتة,Fruit and Vegetables
حلا القهوة,Cereals; Legumes and their Products
سافروت كريم,Cereals; Legumes and their Products
بانشن باناكوتة,Ready to Eat Foods
بستاشيو كيك,Cereals; Legumes and their Products
دنيش كاستر,Ready to Eat Foods
دنيش بلاك بيري مع كاستر,Ready to Eat Foods
مافن شوكولاتة,Cereals; Legumes and their Products
موز بالكيك,Cereals; Legumes and their Products
دنش فراولة,Ready to Eat Foods
كروسان كريم شير,Cereals; Legumes and their Products
مافن بالمكسرات,Cereals; Legumes and their Products
حلا مكسرات,Cereals; Legumes and their Products
كيك بالزعفران,Cereals; Legumes and their Products
زبادي مع مكسرات,Dairy Products
شوفان مع عسل,Cereals; Legumes and their Products
كيك انجليزي,Cereals; Legumes and their Products
كاميل موسكي كيك,Cereals; Legumes and their Products
كيكة القهوة,Cereals; Legumes and their Products
تشيز كيك كروت,Cereals; Legumes and their Products
شو مع كاسترد,Cereals; Legumes and their Products
شو اكلير,Cereals; Legumes and their Products
رواني بالفراولة,Cereals; Legumes and their Products
كلشكول كاجو,Cereals; Legumes and their Products
دونت بالزعتر والشوكولاتة,Cereals; Legumes and their Products
مانشكينز بافاريان,Cereals; Legumes and their Products
لونج جون,Cereals; Legumes and their Products
ياقلبوة,Cereals; Legumes and their Products
تشوروز,Cereals; Legumes and their Products
دونت بستاشو,Cereals; Legumes and their Products
ماليبو بارتي دونات,Cereals; Legumes and their Products
بف لحم,Ready to Eat Foods
كستر,Ready to Eat Foods
كروسان فراولة دانش,Cereals; Legumes and their Products
كروسان جبنة زعتر دانش,Cereals; Legumes and their Products
كروسان مرتديلا + جبنة,Cereals; Legumes and their Products
نكهة قطب السكر,Beverages
تشيز كيك مانجو,Cereals; Legumes and their Products
كيكة كرانشي,Cereals; Legumes and their Products
كيكة نوتيلا,Cereals; Legumes and their Products
كيكة جوز الهند مانجو,Cereals; Legumes and their Products
كيكة جوز الهند رد فلفت,Cereals; Legumes and their Products
حلا كيندر,Cereals; Legumes and their Products
حلا مارس,Cereals; Legumes and their Products
فطيرة جبنة وزعتر,Ready to Eat Foods
انجلش شوكولاتة,Cereals; Legumes and their Products
دونت شوكولاتة,Cereals; Legumes and their Products
دونت ماك بيس شزكولاتة,Cereals; Legumes and their Products
حنيني,Ready to Eat Foods
حلا برلية,Ready to Eat Foods
مربى خوخ,"Jelly, Jam and Marmalade"
مربى دبيازى,"Jelly, Jam and Marmalade"
كيك جوز الهند,Cereals; Legumes and their Products
كريمة بالفرن,Ready to Eat Foods
كورسان جبن بالعسل,Cereals; Legumes and their Products
خلية بالجين الكيري,Cereals; Legumes and their Products
حلا كاسات شوكولاتة بالجوز الهند,Cereals; Legumes and their Products
حلا كاسات شوكولاتة بالبستاشو,Cereals; Legumes and their Products
تشيز جالكسي,Cereals; Legumes and their Products
سنبوسة بالجبن,Ready to Eat Foods
تشيز كيك فستق,Cereals; Legumes and their Products
تشيز كيك جوزاء,Cereals; Legumes and their Products
كيك ايس كريم,Cereals; Legumes and their Products
تشيز كيك قرفة,Cereals; Legumes and their Products
كيك بلاك فورست,Cereals; Legumes and their Products
خبز تنور,Cereals; Legumes and their Products
كيكة فانيلا و فراولة,Cereals; Legumes and their Products
كيكة جالكسي,Cereals; Legumes and their Products
خبز صامون,Cereals; Legumes and their Products
كيكة بيكان,Cereals; Legumes and their Products
ميني اكلير شوكولاتة,Cereals; Legumes and their Products
مكس معكرون,Cereals; Legumes and their Products
فطيرة جبنة مالح,Ready to Eat Foods
فطيرة برتزل سوبريم بالديك الرومي و الجبنة,Ready to Eat Foods
فطيرة سبانخ وجبنة فيتا,Ready to Eat Foods
كيك جزر مع الجوز,Cereals; Legumes and their Products
كيك لايزي بالشوكولاتة,Cereals; Legumes and their Products
مفن كيك شوكولاتة,Cereals; Legumes and their Products
قطعة كيك اوريو,Cereals; Legumes and their Products
قطعة كيك لوتس,Cereals; Legumes and their Products
قطعة كيك تشيز كيك فانيلا فراولة,Cereals; Legumes and their Products
قطعة كيك توت,Cereals; Legumes and their Products
قطعة كيك برنسيسة,Cereals; Legumes and their Products
قطعة كيك رد فلفت,Cereals; Legumes and their Products
كيك خشخش,Cereals; Legumes and their Products
تشيز كيك جالكسي,Cereals; Legumes and their Products
فطيرة جبنة مالح بالزيتون,Ready to Eat Foods
تشيز لوتس,Cereals; Legumes and their Products
تشيز اوريو,Cereals; Legumes and their Products
تشيز تمر بالقرفة,Cereals; Legumes and their Products
تشيز لاتية,Cereals; Legumes and their Products
حلا شوكو فروستد دونت,Cereals; Legumes and their Products
حلا لونج جون,Cereals; Legumes and their Products
مكس ليشوس التوت,Cereals; Legumes and their Products
فريش مانجو,Cereals; Legumes and their Products
فانيلا ماربل,Cereals; Legumes and their Products
دونت حشوة البافاريان,Cereals; Legumes and their Products
اولد فاشند,Cereals; Legumes and their Products
كراميل ويب,Ready to Eat Foods
فروستد بالفستق,Cereals; Legumes and their Products
كوكيز نوتيلا,Cereals; Legumes and their Products
كراميل براوني,Cereals; Legumes and their Products
كلاسيك براوني,Cereals; Legumes and their Products
بيكان بالتفاح,Cereals; Legumes and their Products
خبز هتان,Cereals; Legumes and their Products
حلا فول سوداني,Cereals; Legumes and their Products
هني ورلك,Cereals; Legumes and their Products
بروني,Cereals; Legumes and their Products
كروسان ديك رومي مع خس,Cereals; Legumes and their Products
حلا براوني بالفول السوداني,Cereals; Legumes and their Products
حلا براوني بستاشو وشوكولاتة,Cereals; Legumes and their Products
كيك انجليزي بالبرتقال,Cereals; Legumes and their Products
كوكيز ام اند امز,Cereals; Legumes and their Products
برولية,Ready to Eat Foods
ماجيك بار,Cereals; Legumes and their Products
سينابون نوتيلا,Cereals; Legumes and their Products
موس كيك جالكسي,Cereals; Legumes and their Products
موس كيك فستق,Cereals; Legumes and their Products
كيك صغير لوتس,Cereals; Legumes and their Products
كيك فواكه,Cereals; Legumes and their Products
قرصان بالخضار,Ready to Eat Foods
معجنات بيض,Ready to Eat Foods
معجنات تونة,Ready to Eat Foods
معجنات جبنة فيتا مع باذنجان وطماطم,Ready to Eat Foods
معجنات بطاطس وباذنجان,Ready to Eat Foods
كروسان ديك رومي,Cereals; Legumes and their Products
دانش مالح,Cereals; Legumes and their Products
نمورة كريمة,Cereals; Legumes and their Products
كروسان فراولة بالكريمة,Cereals; Legumes and their Products
دانش فواكه,Ready to Eat Foods
دانش زبيب مع قرفة,Ready to Eat Foods
كرانش لوتس,Ready to Eat Foods
سان سبيستيان,Cereals; Legumes and their Products
فراولة بالشوكولاتة,Fruit and Vegetables
مني كيك بلو بيري اوريو,Cereals; Legumes and their Products
مني كبك سنكرز,Cereals; Legumes and their Products
تشيز بايس فطيرة,Ready to Eat Foods
كروسان جبنة بيضاء,Cereals; Legumes and their Products
خبز بر شامي,Cereals; Legumes and their Products
خبز ابيض شامي,Cereals; Legumes and their Products
بسكوت برازق,Cereals; Legumes and their Products
بان كيك,Cereals; Legumes and their Products
كب كيك مكس,Cereals; Legumes and their Products
شوكولاتة جار كيك,Cereals; Legumes and their Products
رد فلفت جار كيك,Cereals; Legumes and their Products
دريم بوش اب,Cereals; Legumes and their Products
بيريل فلفت كب كيك,Cereals; Legumes and their Products
ميني كب كيك فراولة,Cereals; Legumes and their Products
حلا شوكولاتة بالقهوة,Cereals; Legumes and their Products
حلا جنروية,Cereals; Legumes and their Products
حلا بستاشيو,Cereals; Legumes and their Products
حلا لوز بندق,Cereals; Legumes and their Products
فطيرة سينبل,Cereals; Legumes and their Products
حلا بسكوت كراميل,Cereals; Legumes and their Products
حلا شوكولاتة ويفر,Cereals; Legumes and their Products
حلا كورن فليكس,Cereals; Legumes and their Products
حلا شوكولاتة روشية,Cereals; Legumes and their Products
حلا شوكولاتة سادة بالحليب,Cereals; Legumes and their Products
حلا تمر محشي لوز,Ready to Eat Foods
حلا تمر محشي جوز الهند,Ready to Eat Foods
حلا تمر محشي سمسم,Ready to Eat Foods
حلا تمر محشي لوتس,Ready to Eat Foods
حلا تمر محشي شوكولاتة بيضاء,Ready to Eat Foods
حلا تمر محشي بستاشو,Ready to Eat Foods
حلا تمر محشي شوكولاتة بني,Ready to Eat Foods
حلا ويفر مع بندق,Cereals; Legumes and their Products
حلا كرسبي,Cereals; Legumes and their Products
حلا بسكوت سادة,Cereals; Legumes and their Products
خيز,Cereals; Legumes and their Products
ترى ليتشي روشية,Cereals; Legumes and their Products
كرواسون لوتس,Cereals; Legumes and their Products
سان سباستيان كيك,Cereals; Legumes and their Products
جاتوة كراميل,Cereals; Legumes and their Products
جاتوة شوكولاتة روشية,Cereals; Legumes and their Products
كلير اوريو,Cereals; Legumes and their Products
حلا حليب ماموس,Cereals; Legumes and their Products
حلا اصابع كيندر,Cereals; Legumes and their Products
حلا اصابع شوكولاتة,Cereals; Legumes and their Products
كعك ملبن,Cereals; Legumes and their Products
كيك سنكزس,Cereals; Legumes and their Products
قطعة كيك روشية,Cereals; Legumes and their Products
قطعة كيك رافيلو,Cereals; Legumes and their Products
كيك توكس,Cereals; Legumes and their Products
شوكولاتة بايت,Cereals; Legumes and their Products
كراميل بايت,Cereals; Legumes and their Products
تمر بايت,Cereals; Legumes and their Products
كيك شوكولاتة بلاك فورست,Cereals; Legumes and their Products
شوكولاتة بسكوت ويفر,Cereals; Legumes and their Products
فروزن كيك بالتمر و اليانسون,Cereals; Legumes and their Products
مافن بالتمر مع عين الجمل,Cereals; Legumes and their Products
مافن بالشوفان و العسل,Cereals; Legumes and their Products
هني كيك,Cereals; Legumes and their Products
كيك بونابيست,Cereals; Legumes and their Products
زبادي بالفول السوداني,Dairy Products
كروسان صغير جبن كيري,Cereals; Legumes and their Products
كروسان بالتمر,Cereals; Legumes and their Products
بسكوت بالتمر,Cereals; Legumes and their Products
كروسان جبن ابيض,Cereals; Legumes and their Products
برازق (مخبوزات),Cereals; Legumes and their Products
كعك مصري,Cereals; Legumes and their Products
بسكوت فانيلا,Cereals; Legumes and their Products
خبز تركي,Cereals; Legumes and their Products
خلية جبن,Cereals; Legumes and their Products
فطيرة جبنة مكدوس,Ready to Eat Foods
فطيرة لبنة حارة,Ready to Eat Foods
فطيرة جبنة زيتون,Ready to Eat Foods
فطيرة عكاوي,Ready to Eat Foods
فطيرة سبانخ بالجبن,Ready to Eat Foods
بوف باستري,Cereals; Legumes and their Products
كلير لوتس,Cereals; Legumes and their Products
براونيس,Cereals; Legumes and their Products
سافلية,Cereals; Legumes and their Products
كيك بالمانجا,Cereals; Legumes and their Products
كيك بالتمر,Cereals; Legumes and their Products
كيك بالعسل,Cereals; Legumes and their Products
تشيز كيك كنافة,Cereals; Legumes and their Products
كيك زعفران,Cereals; Legumes and their Products
بلاك فورست,Cereals; Legumes and their Products
كرات التمر بالفول السوداني,Cereals; Legumes and their Products
كيكة كابتشينو,Cereals; Legumes and their Products
كيك الشوكولاتة,Cereals; Legumes and their Products
فطيرة دجاج تك,Ready to Eat Foods
فطيرة دجاج بيرازو,Ready to Eat Foods
خبز شطة,Cereals; Legumes and their Products
كاسترد,Ready to Eat Foods
كاب كيك ليمون,Cereals; Legumes and their Products
تارت,Ready to Eat Foods
كيك سنكرز,Cereals; Legumes and their Products
تشيز جوز الهند,Cereals; Legumes and their Products
كروسون لوز صغير,Cereals; Legumes and their Products
كروسون بيكان صغير,Cereals; Legumes and their Products
لاتية كيك,Cereals; Legumes and their Products
وايت كوكيز,Cereals; Legumes and their Products
كوكيز براوني,Cereals; Legumes and their Products
سينابون تشيز كيك,Cereals; Legumes and their Products
كروسان حلومي,Cereals; Legumes and their Products
كروسان شباتا تونة,Cereals; Legumes and their Products
كروسان صدور دجاج مدخن,Cereals; Legumes and their Products
فطيرة بتزا,Ready to Eat Foods
فطيرة لبنة زيتون,Ready to Eat Foods
ميلفي شوكولاتة,Cereals; Legumes and their Products
ميلفي مربى,Cereals; Legumes and their Products
كاتو فرنسي,Cereals; Legumes and their Products
تشز كيك,Cereals; Legumes and their Products
كيك نوتيلا شوكولاتة,Cereals; Legumes and their Products
كيك ميكانو شوكولاتة,Cereals; Legumes and their Products
فطيرة لبنة زعتز,Ready to Eat Foods
فطيرة كاستر مع توت,Ready to Eat Foods
ايس كريم تشيز كيك حلا,Cereals; Legumes and their Products
اوريو حلا,Cereals; Legumes and their Products
مانجو بيري حلا,Cereals; Legumes and their Products
سنكرز حلا,Cereals; Legumes and their Products
جالكسي حلا,Cereals; Legumes and their Products
كاستر حلا,Ready to Eat Foods
كيكة بستاشو نوتيلا,Cereals; Legumes and their Products
كيكة لايس فيجاس,Cereals; Legumes and their Products
خبز افوكاشيا,Cereals; Legumes and their Products
ترفل شوكولات,Cereals; Legumes and their Products
سان سباستيان,Cereals; Legumes and their Products
شوكولاتة موس كيك,Cereals; Legumes and their Products
اوريو تشيزكيك,Cereals; Legumes and their Products
دانيش فروت فطيرة,Ready to Eat Foods
دانيش تشيز فطيرة,Ready to Eat Foods
سينابو حلا,Cereals; Legumes and their Products
لوتس جور حلا,Cereals; Legumes and their Products
لوتس حلا,Cereals; Legumes and their Products
كوكن ترول حلا,Cereals; Legumes and their Products
بيكان ترول حلا,Cereals; Legumes and their Products
لمنكتون حلا,Cereals; Legumes and their Products
بيكان تارت,Ready to Eat Foods
تشيز كيك بستاشو حلا,Cereals; Legumes and their Products
كيكة عسل لقمة وردية,Cereals; Legumes and their Products
فطير مشلتت جبن كيري مع عسل,Ready to Eat Foods
فطيرة تمرية,Ready to Eat Foods
كيك كراميل حلا,Cereals; Legumes and their Products
سان سبيستيان حلا,Cereals; Legumes and their Products
تويست بالجبنة,Ready to Eat Foods
كروسون زعتر فرنسي,Cereals; Legumes and their Products
رول برك بالجبنة و السبانخ,Ready to Eat Foods
رول بطاطس,Ready to Eat Foods
مادلين محشي شوكولاتة,Cereals; Legumes and their Products
وافل لؤلؤة السكر,Cereals; Legumes and their Products
دونت شوكولاتة بيضاء,Cereals; Legumes and their Products
دونت بالشوكولاتة,Cereals; Legumes and their Products
لابا كيك شوكولاتة,Cereals; Legumes and their Products
سعودي تراميسو,Cereals; Legumes and their Products
ميني براونيز,Cereals; Legumes and their Products
كريب دنتيل وايت شوكولاتة,Cereals; Legumes and their Products
كوكيز كراميل وبندق,Cereals; Legumes and their Products
ماتشا مع كريم بستاشو,Beverages
بسكوت مع كراميل,Cereals; Legumes and their Products
لوتس سورس,Cereals; Legumes and their Products
داي استب سورس,Cereals; Legumes and their Products
تشيز كيك ديلسي سورس,Cereals; Legumes and their Products
حلا تراميسو سورس,Cereals; Legumes and their Products
خبز بلدي,Cereals; Legumes and their Products
قطع خبز صامولي,Cereals; Legumes and their Products
فطيرة جبنة مالحة,Ready to Eat Foods
كروسون جبن شيدر,Cereals; Legumes and their Products
كروسان جبن مالح زعتر,Cereals; Legumes and their Products
مشلتت جبن شيدر,Ready to Eat Foods
فطيرة لبنة وزعتر,Ready to Eat Foods
مشلتت جبن,Ready to Eat Foods
كروسان جبن كيري,Cereals; Legumes and their Products
كيك لمين تون,Cereals; Legumes and their Products
سودن كيك,Cereals; Legumes and their Products
كريم رولية,Ready to Eat Foods
كريم براون,Ready to Eat Foods
بسكوت اوريو,Cereals; Legumes and their Products
بودنق,Cereals; Legumes and their Products
كاستر مع شوكولاتة,Ready to Eat Foods
بروني لايت,Cereals; Legumes and their Products
كروسان لبنة و زيتون,Cereals; Legumes and their Products
فطير مشلتت جبن سائل,Ready to Eat Foods
بسكوت مربى فراولة,Cereals; Legumes and their Products
شابورة كيك,Cereals; Legumes and their Products
خبز محمر,Ready to Eat Foods
خبز تورتيلا,Cereals; Legumes and their Products
دونت شوكر,Cereals; Legumes and their Products
دونت قرف وسكر,Cereals; Legumes and their Products
دونت فراولة,Cereals; Legumes and their Products
دونت بندق,Cereals; Legumes and their Products
دونت دبل تشوكليت,Cereals; Legumes and their Products
دونت فروستينق بيكان,Cereals; Legumes and their Products
دونت كريم برولية,Cereals; Legumes and their Products
دونت فراولة اسبرينكلز,Cereals; Legumes and their Products
قرفة رول,Cereals; Legumes and their Products
قرفة تويست,Cereals; Legumes and their Products
دونت الفول السوداني محشي بلو بيري,Cereals; Legumes and their Products
فونش كولر تشوكليت,Cereals; Legumes and their Products
قرفة فرنش كولر قليز,Cereals; Legumes and their Products
فرنش كولر قليز,Cereals; Legumes and their Products
اولد فاشن جليز,Cereals; Legumes and their Products
اولد فاشن جوز الهند,Cereals; Legumes and their Products
شوكولاتة براوني,Cereals; Legumes and their Products
كيك بجوز الهند,Cereals; Legumes and their Products
حلا جلي وجوز الهند,"Jelly, Jam and Marmalade"
حلا جوز الهند وبابايا,Cereals; Legumes and their Products
حلا يوبي كيك,Cereals; Legumes and their Products
حلا لس بلان,Cereals; Legumes and their Products
حلا ياما كيك,Cereals; Legumes and their Products
حلا هالو هالو,Cereals; Legumes and their Products
حلا بكو بنتر,Cereals; Legumes and their Products
فطير مشلتت,Ready to Eat Foods
كيك راز بيري,Cereals; Legumes and their Products
كيك شوكليت فانيلا,Cereals; Legumes and their Products
كيك المول بالكراميل,Cereals; Legumes and their Products
كيك اوبيرا,Cereals; Legumes and their Products
كلير محشي بستاشو,Cereals; Legumes and their Products
دونت كراميل,Cereals; Legumes and their Products
دونت فانسي,Cereals; Legumes and their Products
فطيرة دجاج منشوريان,Ready to Eat Foods
كيكة فواكه,Cereals; Legumes and their Products
كيكة شوكليت,Cereals; Legumes and their Products
كيكة كت كات,Cereals; Legumes and their Products
مافن توت,Cereals; Legumes and their Products
انجلش كيك شوكليت,Cereals; Legumes and their Products
انجلش كيك رد فلفت,Cereals; Legumes and their Products
كريمة مانجا موس حلا,Ready to Eat Foods
كروسان كريمة,Cereals; Legumes and their Products
كروسان لوز الموند,Cereals; Legumes and their Products
كيك تشيز مقلوبة,Cereals; Legumes and their Products
تشيز كيك تراميسو,Cereals; Legumes and their Products
كيك كوكونت رز بيري,Cereals; Legumes and their Products
فطيرة دنيش لبنة رمان زعتر,Ready to Eat Foods
فطيرة دنيش جبن طيب مع زيت زيتون,Ready to Eat Foods
برواني كيك,Cereals; Legumes and their Products
كيكة تارت توت,Cereals; Legumes and their Products
تشيز كيك كراميل بيكان,Cereals; Legumes and their Products
مافن كيك بيري,Cereals; Legumes and their Products
مافن كيك شوكليت,Cereals; Legumes and their Products
تشيز كيك مقلوب,Cereals; Legumes and their Products
ملفين كيك,Cereals; Legumes and their Products
فطيرة دينش حلومي,Ready to Eat Foods
كروسان جبن زعتر,Cereals; Legumes and their Products
كروسان شوكليت نوتيلا,Cereals; Legumes and their Products
دنيش عادي,Ready to Eat Foods
دينش حلومي,Ready to Eat Foods
كيك بارتمر,Cereals; Legumes and their Products
فطيرة بيكان سينابون,Ready to Eat Foods
شوكليت كيك,Cereals; Legumes and their Products
تشيز كيك كراميل,Cereals; Legumes and their Products
تشيز كيك مانجا,Cereals; Legumes and their Products
كيك بيكان تمر,Cereals; Legumes and their Products
خبز عريكة,Cereals; Legumes and their Products
كردمون بالهيل,Cereals; Legumes and their Products
كوكيز بالطحينة,Cereals; Legumes and their Products
بنك مادلين,Beverages
كوكن شوكليت,Cereals; Legumes and their Products
سبانش كيك,Cereals; Legumes and their Products
كريم كراميل فلان,Ready to Eat Foods
كيك قرص عقيلي,Cereals; Legumes and their Products
كيكة ليمون,Cereals; Legumes and their Products
شوكليت براوني,Cereals; Legumes and their Products
كروت كيك,Cereals; Legumes and their Products
حلا بستاشو,Cereals; Legumes and their Products
حلا زعتر,Cereals; Legumes and their Products
حلا سمسم,Cereals; Legumes and their Products
خبز دريس,Cereals; Legumes and their Products
خبز بون,Cereals; Legumes and their Products
خبز بروستن,Cereals; Legumes and their Products
كيك كوكونت مانجا,Cereals; Legumes and their Products
كيك تراميسو كيتو,Cereals; Legumes and their Products
كيك كوكونت بيري,Cereals; Legumes and their Products
كعك شوكليت,Cereals; Legumes and their Products
كيكة جزر,Cereals; Legumes and their Products
فطيرة جبن فيتا,Ready to Eat Foods
فطيرة بطاطس,Ready to Eat Foods
انقلش كيك شوكليت,Cereals; Legumes and their Products
كروسان جبن و زعتر,Cereals; Legumes and their Products
فطيرة خبز بالتمر,Cereals; Legumes and their Products
كب كيك سادة,Cereals; Legumes and their Products
تشيز بالكندر,Cereals; Legumes and their Products
فطيرة تفاح بالجنة,Ready to Eat Foods
ساندويتش فلافل,Ready to Eat Foods
مناقيش لبنة بالزيتون,Ready to Eat Foods
حلا رد فلفت,Cereals; Legumes and their Products
سويس رول شوكولاتة,Cereals; Legumes and their Products
كيك نوتيلا بستاشيو,Cereals; Legumes and their Products
كيك رويل سبوت,Cereals; Legumes and their Products
سوفلية شوكليت,Cereals; Legumes and their Products
شوكو موكو شوكليت حلا,Cereals; Legumes and their Products
كيكة حليب,Cereals; Legumes and their Products
مافن بلو بيري,Cereals; Legumes and their Products
براوني حليب شوكليت,Cereals; Legumes and their Products
شوكليت فن دان,Cereals; Legumes and their Products
اكلير شوكليت,Cereals; Legumes and their Products
تشيز كيك كرز,Cereals; Legumes and their Products
دونت شوكليت,Cereals; Legumes and their Products
كيكة طبقات شوكولاتة,Cereals; Legumes and their Products
كيك التمر,Cereals; Legumes and their Products
كيك بودينق تمر,Cereals; Legumes and their Products
سان سبستيان حلا,Cereals; Legumes and their Products
فطيرة بيستو,Ready to Eat Foods
كيك لوفر روشية,Cereals; Legumes and their Products
ميني بيكان كيك,Cereals; Legumes and their Products
ميني شوكليت كيك,Cereals; Legumes and their Products
ميني ماربل كيك,Cereals; Legumes and their Products
ميني كيك ليمون,Cereals; Legumes and their Products
ميني كيك فستق,Cereals; Legumes and their Products
ميني كيك بندق,Cereals; Legumes and their Products
فطيرة مشللت قشطة,Ready to Eat Foods
فطيرة مشللت لبنة عسل,Ready to Eat Foods
براوني بلسوميسي,Cereals; Legumes and their Products
كيك سان سباستيان,Cereals; Legumes and their Products
كيك سان ميلانو,Cereals; Legumes and their Products
دونت نوتيلا زعتر,Cereals; Legumes and their Products
تارت تفاح,Ready to Eat Foods
تارت كاجو,Ready to Eat Foods
تارت فستق,Ready to Eat Foods
بايتس جوز الهند,Cereals; Legumes and their Products
بايتس تمر,Cereals; Legumes and their Products
بايتس بسبوسة,Cereals; Legumes and their Products
بايتس بيكان,Cereals; Legumes and their Products
دونت سادة,Cereals; Legumes and their Products
دونت سينابون,Cereals; Legumes and their Products
دونت دارك شوكليت,Cereals; Legumes and their Products
فرتر تفاح دونت,Cereals; Legumes and their Products
دونت سبرنكل رينج,Cereals; Legumes and their Products
بيرثداي كيك,Cereals; Legumes and their Products
تاجي تيلا دونت,Cereals; Legumes and their Products
قطع خبز محمص,Cereals; Legumes and their Products
بف باستس,Cereals; Legumes and their Products
دقيق مرسى,Cereals; Legumes and their Products
كيكة جزر بندق,Cereals; Legumes and their Products
بف كريم (كاستر تشوك),Ready to Eat Foods
كيكة عسل شوكليت,Cereals; Legumes and their Products
كيكة سان سبيستان,Cereals; Legumes and their Products
عجينة كوكيز,Cereals; Legumes and their Products
ثيرتي مع جبن,Ready to Eat Foods
كروسان مع جبن,Cereals; Legumes and their Products
رول بستاشو روز بيري,Cereals; Legumes and their Products
خبز الحليب,Cereals; Legumes and their Products
خبز فرنسي,Cereals; Legumes and their Products
خبز بالجوز,Cereals; Legumes and their Products
كيندر بايتس حلا,Cereals; Legumes and their Products
كوكيز تشيز كيك,Cereals; Legumes and their Products
دنيس كاستر شوكليت,Ready to Eat Foods
دنيس تمر وسينابون,Ready to Eat Foods
براوني بيكان,Cereals; Legumes and their Products
مكس بار,Cereals; Legumes and their Products
كيك الكاليبوت,Cereals; Legumes and their Products
تشوكليت كراميل تشيس,Ready to Eat Foods
براوني كيك,Cereals; Legumes and their Products
ماجك بار,Cereals; Legumes and their Products
تشيز بان مخبوزات,Cereals; Legumes and their Products
بستاشو ول مخبوزات,Ready to Eat Foods
فطيرة دارك تشوكليت,Ready to Eat Foods
كروسان جبنة فيتا,Cereals; Legumes and their Products
تراميسو تشيز - جبن,Cereals; Legumes and their Products
تشيز كيك - جبن,Cereals; Legumes and their Products
كيك لايرس,Cereals; Legumes and their Products
كيك تشيز مدريد,Cereals; Legumes and their Products
تراميسو تارت,Ready to Eat Foods
كيك مدريد,Cereals; Legumes and their Products
تشيز كيك سينابون,Cereals; Legumes and their Products
دول شيك كيك,Cereals; Legumes and their Products
عصيدة حساوية حلا,Ready to Eat Foods
فيكس - بسكوت,Cereals; Legumes and their Products
بسكوت مطحون,Cereals; Legumes and their Products
كرات جوز الهند,Cereals; Legumes and their Products
سمي شوكليت,Cereals; Legumes and their Products
براوني مطحون,Cereals; Legumes and their Products
سلطة جبن مهروس بارد,Ready to Eat Foods
سلطة جبن مهروس حار,Ready to Eat Foods
سلطة جبن بالشبت,Ready to Eat Foods
سلطة جبن مع زيتون,Ready to Eat Foods
سلطة جبنة بالزيتون,Ready to Eat Foods
سلطة بالجبن العكاوي,Ready to Eat Foods
سلطة جبن بالزيتون,Ready to Eat Foods
سلطة جبنة بالزيتون حار,Ready to Eat Foods
سلطة جبنة بحبة البركة,Ready to Eat Foods
سلطة جبن بالنعناع,Ready to Eat Foods
بشارة جبن,Environmental Swabs
سلطة جبن خضار,Ready to Eat Foods
سلطة جبن خضار حار,Ready to Eat Foods
سلطة جبن بالشبث,Ready to Eat Foods
سلطة جبن خضار بحبة البركة,Ready to Eat Foods
سلطة جبن زيتون بالزعتر,Ready to Eat Foods
سلطة جبن مالح,Ready to Eat Foods
سلطة جبنة زعتر,Ready to Eat Foods
سلطة مشويات لبنة,Ready to Eat Foods
سلطة جبن بالجزر و الزيتون,Ready to Eat Foods
سلطة جبن باردة,Ready to Eat Foods
سلطة جبنة خضار زعتر,Ready to Eat Foods
سلطة جبنة خضار مع الزيتون الحار,Ready to Eat Foods
سلطة الاجبان بالزعتر,Ready to Eat Foods
سلطة الاجبان مفروكة بالخضار,Ready to Eat Foods
سلطة الاجبان مفروكة حارة,Ready to Eat Foods
سلطة فيتا مع شرائح زيتون حار,Ready to Eat Foods
سلطة جبن فيتا مع حبة البركة,Ready to Eat Foods
سلطة قطع جبن بارد التوابل سورية,Ready to Eat Foods
سلطة مفروكه حارة,Ready to Eat Foods
مبشرة جبن,Environmental Swabs
سلطة مع الجبن,Ready to Eat Foods
سلطة فيتا حار,Ready to Eat Foods
سلطة جبن فيتا بالزعتر,Ready to Eat Foods
سلطة مقدوس باللبنة,Ready to Eat Foods
سلطة جبنة بالفلفل الحار,Ready to Eat Foods
سلطة جبنة فيتا البركة,Ready to Eat Foods
سلطة جبنة فيتا بالمقدوس,Ready to Eat Foods
سلطة جبن بالحلوم,Ready to Eat Foods
سلطة شرائح فيتا و زيتون,Ready to Eat Foods
سلطة جبنة فيتا بالشطة,Ready to Eat Foods
سلطة حلومي بالشطة,Ready to Eat Foods
سلطة جبن بالزعتر و الزيتون,Ready to Eat Foods
سلطة جبن بالثوم و النعناع,Ready to Eat Foods
سلطة جبن بحبة البركة,Ready to Eat Foods
سلطة جبن بالجبن الشيدر,Ready to Eat Foods
سلطة جبن بالزيتون حار,Ready to Eat Foods
سلطة حلوم حار,Ready to Eat Foods
سلطة لبنة بالمكدوس حار,Ready to Eat Foods
سلطة لبنية,Ready to Eat Foods
اسبيشل سلطة لبنة حارة,Ready to Eat Foods
سلطة ذرة بالجبن,Ready to Eat Foods
سلطة جبن مع زيتون مع حبة السوداء,Ready to Eat Foods
سلطة جبن بالبقدونس,Ready to Eat Foods
سلطة جبن شامية,Ready to Eat Foods
سلطة جبن افوكادو,Ready to Eat Foods
سلطة جبن بالرمان,Ready to Eat Foods
سلطة جبن مع بقدونس و شبت,Ready to Eat Foods
سلطة جبن مهروس مع زيتون,Ready to Eat Foods
سلطة جبن مع شبت,Ready to Eat Foods
سلطة جبن مع زعتر,Ready to Eat Foods
آلة تقطيع مرتديلا,Environmental Swabs
فطيرة جبنة شيدر,Ready to Eat Foods
سلطة جبنة مع المكدوس,Ready to Eat Foods
سلطة حلوم مع الزعتر و زيتون,Ready to Eat Foods
سلطة جبن بالمكدوس- باذنجان,Ready to Eat Foods
سلطة جبن بالاعشاب,Ready to Eat Foods
سلطة جبن بالخضار و الزيتون,Ready to Eat Foods
سلطة جبن بالزعتر وزيتون,Ready to Eat Foods
سلطة جبن مقروش,Ready to Eat Foods
سلطة جبن حار ناعمة,Ready to Eat Foods
سلطة جبن مقروش حار,Ready to Eat Foods
سلطة جبنة بالزيتون وحبة البركة,Ready to Eat Foods
سلطة جبنة بالزعتر وزيتون,Ready to Eat Foods
سلطة جبنة زعتر حار,Ready to Eat Foods
سلطه جبنه فيتا,Ready to Eat Foods
سلطه جبنه فيتا بالزعتر,Ready to Eat Foods
سلطه جبن حار,Ready to Eat Foods
سلطة جبن بالزيتون - حار,Ready to Eat Foods
سلطة لبنة بالزيتون و الخضار,Ready to Eat Foods
سلطة حلوم بالزعتر,Ready to Eat Foods
سلطة جبنة بالزيتون والفلفل,Ready to Eat Foods
سلطة جبنة بالزعتر و الخضار,Ready to Eat Foods
سلطة سحاوق جبن مع فلفل,Ready to Eat Foods
سلطة جبنه,Ready to Eat Foods
سلطة لبنة بالمقدوس,Ready to Eat Foods
سلطة جبن حار بالزيتون و فلفل رومي,Ready to Eat Foods
سلطة جبن بالزيتون و فلفل رومي,Ready to Eat Foods
سلطة جبن بالزيتون و الفلفل,Ready to Eat Foods
سلطة جبن بالزيتون و الفلفل البارد,Ready to Eat Foods
سلطة جبن بالخضار و الزعتر,Ready to Eat Foods
سلطة جبن بالخضار و حبة البركة,Ready to Eat Foods
سلطة جبن بالزيتون حارة,Ready to Eat Foods
سلطة جبنة حلوم,Ready to Eat Foods
سلطة جبن بالفلفل,Ready to Eat Foods
سلطة جبن مع الزيتون,Ready to Eat Foods
سلطة جبنة فيتا حراق,Ready to Eat Foods
سلطة جبنة متبل حار,Ready to Eat Foods
سلطة جبن بالشبت و زيتون,Ready to Eat Foods
سلطة جبنة فيتا بالحبة السوداء,Ready to Eat Foods
سلطة جبنة فيتا بالشطة البركة,Ready to Eat Foods
صوص سيريال,"Tomato Concentrates, Sauces, Vinegar, Spices and Herbs"
سلطة جبن فيتا حلومي مشوي,Ready to Eat Foods
سلطة جبن بالفلفل بارد,Ready to Eat Foods
سلطة جبن سبايسي,Ready to Eat Foods
سلطة جبن مع زيتون حار,Ready to Eat Foods
زيتون شرائح,Fruit and Vegetables
صوص كاتشب,"Tomato Concentrates, Sauces, Vinegar, Spices and Herbs"
سلطة زبادي,Ready to Eat Foods
سلطة مكدوس,Ready to Eat Foods
سلطة زيتون,Ready to Eat Foods
سلطة فتوش,Ready to Eat Foods
سلطة روسية,Ready to Eat Foods
سلطة مشاوي,Ready to Eat Foods
سلطة مرتديلا,Ready to Eat Foods
سلطة زبادي بالخيار,Ready to Eat Foods
سلطة لبن خيار,Ready to Eat Foods
سلطة مشوي,Ready to Eat Foods
سلطة خيار لبن,Ready to Eat Foods
سلطة لبن بالخيار,Ready to Eat Foods
سلطة جبن حار,Ready to Eat Foods
سلطة كولسلو,Ready to Eat Foods
سلطة مشويات,Ready to Eat Foods
سلطة جبنة حارة,Ready to Eat Foods
سلطة شمندر,Ready to Eat Foods
سلطة مرتديلا لحم - دجاج,Ready to Eat Foods
مسحة ادوات,Environmental Swabs
سلطة مقدوس,Ready to Eat Foods
سلطة حلوم,Ready to Eat Foods
سلطة جبنة,Ready to Eat Foods
سلطة جبن بالزعتر,Ready to Eat Foods
سلطة حجازية,Ready to Eat Foods
سلطة زيتون حار,Ready to Eat Foods
سلطة جبن بالخضار,Ready to Eat Foods
سلطة بطاطس,Ready to Eat Foods
سلطة حمراء حارة م.ك,Ready to Eat Foods
سلطة زبادي وخيار,Ready to Eat Foods
سلطة مرتديلا مكس,Ready to Eat Foods
سلطة سيزر,Ready to Eat Foods
سلطة باردة,Ready to Eat Foods
سلطة جزر,Ready to Eat Foods
سلطة جبنة بالزعتر,Ready to Eat Foods
سلطة امريكية,Ready to Eat Foods
سلطة زبادي مع خيار,Ready to Eat Foods
سلطة ذرة,Ready to Eat Foods
سلطة جبنة بالخضار,Ready to Eat Foods
سلطة حارة م.ك,Ready to Eat Foods
سلطة لبن وخيار,Ready to Eat Foods
سلطة زبادي و خيار,Ready to Eat Foods
سلطة امريكي,Ready to Eat Foods
سلطة فول,Ready to Eat Foods
سلطة مشوي بقدونس مع بصل,Ready to Eat Foods
سلطة جبن فيتا,Ready to Eat Foods
سلطة خيار بالبن,Ready to Eat Foods
سلطة حلومي,Ready to Eat Foods
سلطة جبن بالمكدوس,Ready to Eat Foods
سلطة باذنجان,Ready to Eat Foods
سلطة ناز,Ready to Eat Foods
سلطة ورقيات,Ready to Eat Foods
سلطة جبن حلوم,Ready to Eat Foods
سلطة مرتديلا دجاج + لحم,Ready to Eat Foods
سلطة مرتديلا دجاج,Ready to Eat Foods
سلطة لبنة,Ready to Eat Foods
سلطة بصل مع فلفل,Ready to Eat Foods
سلطة بروكلي,Ready to Eat Foods
سلطة فاصوليا,Ready to Eat Foods
سلطة برغل,Ready to Eat Foods
سلطة باستا,Ready to Eat Foods
سلطة سومطرا,Ready to Eat Foods
سلطة مايونيز,Ready to Eat Foods
حافظة بطاطس,Environmental Swabs
ورق عنب بالرمان,Ready to Eat Foods
سلطة فطر,Ready to Eat Foods
سلطة خيار زبادي,Ready to Eat Foods
سلطة حلومي بالزعتر,Ready to Eat Foods
سلطة خضراء مصرية,Ready to Eat Foods
سلطة جبن بارد,Ready to Eat Foods
سلطة جبن هولندي,Ready to Eat Foods
سلطة مكسيكي,Ready to Eat Foods
سلطة لبن مع خيار,Ready to Eat Foods
سلطة خيار باللبن,Ready to Eat Foods
سلطة جبنة فيتا,Ready to Eat Foods
سلطة جبن زعتر,Ready to Eat Foods
سلطة جبن زيتون,Ready to Eat Foods
سلطة جبن زيتون حار,Ready to Eat Foods
سلطة جبنة حار,Ready to Eat Foods
سلطة حارة معلب,Ready to Eat Foods
سلطة لبنة بالمكدوس,Ready to Eat Foods
سلطة تبولة,Ready to Eat Foods
سلطة مرتديلا دجاج ولحم,Ready to Eat Foods
سلطة مكرونة,Ready to Eat Foods
سلطة فاصوليا حمراء,Ready to Eat Foods
سلطة سوماطرا,Ready to Eat Foods
سلطة مرتديلا مشكل,Ready to Eat Foods
فتة ورق عنب,Ready to Eat Foods
طحينة سائلة,Miscellaneous Foods
سلطة كيل,Ready to Eat Foods
سلطة بلدي,Ready to Eat Foods
سلطة خيار جزر بصل,Ready to Eat Foods
سلطة لبن بصل فلفل,Ready to Eat Foods
سلطة لبن خيار بصل جزر,Ready to Eat Foods
سلطة يوناني,Ready to Eat Foods
سلطة,Ready to Eat Foods
سلطة عادية,Ready to Eat Foods
سلطة ذرة و فلفل رومي,Ready to Eat Foods
سلطة زيتون و فلفل رومي,Ready to Eat Foods
سلطة روسي,Ready to Eat Foods
سلطة زيتون اخضر كامل هالي,Ready to Eat Foods
بشارة جزر,Environmental Swabs
سلطة قول,Ready to Eat Foods
سلطة زيتون حارة,Ready to Eat Foods
سلطة زبادي (بالوفا),Ready to Eat Foods
سلطة بيتو,Ready to Eat Foods
سلطة بيستو,Ready to Eat Foods
سلطة فلفل رومي مع خيار,Ready to Eat Foods
سلطة كبسة,Ready to Eat Foods
سلطة ملفوف / تيستي توست,Ready to Eat Foods
سلطة برجر/ وهمي,Ready to Eat Foods
سلطة جزر مع ملفوف مع خس,Ready to Eat Foods
سلطة جرجير مع بصل مع طماطم,Ready to Eat Foods
سلطة ملفوف مع مايونيز,Ready to Eat Foods
سلطة لبن زبادي,Ready to Eat Foods
سلطة روسية - بصل و طماطم,Ready to Eat Foods
سلطة لبن خيار حار,Ready to Eat Foods
سلطة خيار بالبن بارد,Ready to Eat Foods
سلطة خضراء - سلانترو,Ready to Eat Foods
سلطة بيكو تكالو,Ready to Eat Foods
سلطة زيتون سبايسي,Ready to Eat Foods
سلطة خيار بصل,Ready to Eat Foods
سلطة مشوي بقدونس بصل,Ready to Eat Foods
سلطة دجاج سيزر,Ready to Eat Foods
سلطة فلفل رومي,Ready to Eat Foods
سلطة بن سلطان - شمندر مع زبادي-,Ready to Eat Foods
سلطة نعناع مع زبادي حار,Ready to Eat Foods
سلطة فلفل حار مع كزبرة,Ready to Eat Foods
سلطة لين مع النعناع,Ready to Eat Foods
سلطة خس مع مايونيز,Ready to Eat Foods
سلطة الملفوف,Ready to Eat Foods
سلطة رمان,Ready to Eat Foods
سلطة زبتون,Ready to Eat Foods
سلطة شرائح زيتون,Ready to Eat Foods
سلطة خضار مطبوخه بالبخار,Ready to Eat Foods
سلطة زيتون مع خضار,Ready to Eat Foods
سلطة مانقو صلصة,Ready to Eat Foods
سلطة مكدوس مطحون,Ready to Eat Foods
سلطة خيار مع جرجير و ملفوف,Ready to Eat Foods
سلطة زيتون مشكل,Ready to Eat Foods
سلطة جبنة مكدوس حار,Ready to Eat Foods
سلطة مشوي بصل مع بقدونس,Ready to Eat Foods
مشكل فرن خضار - مطبوخ,Ready to Eat Foods
ايدام خضار مشكل - مطبوخ,Ready to Eat Foods
مشكل خضار بالفرن - مطبوخ,Ready to Eat Foods
بامية - مطبوخ,Ready to Eat Foods
سلطة مكدوس - باذنجان,Ready to Eat Foods
سلطة مشوي بقدونس بالبصل,Ready to Eat Foods
سلطة حجازية حارة,Ready to Eat Foods
سلطة زيتون مع جزر حار,Ready to Eat Foods
سلطة مشويات - بصل مع بقدونس,Ready to Eat Foods
سلطة زيادي بالخيار,Ready to Eat Foods
سلطة لبن بالخبز,Ready to Eat Foods
سلطة مشاوي بقدونس مع بصل,Ready to Eat Foods
سلطة زيتون اخضر,Ready to Eat Foods
سلطة مكدوس بالزيتون و الذرة,Ready to Eat Foods
سلطة بقدونس بالخيار,Ready to Eat Foods
سلطة لبن بالخيار و الجزر,Ready to Eat Foods
سلطة ساحوق بالجبن و الفلفل,Ready to Eat Foods
كشنة طماطم مع بصل,Ready to Eat Foods
سلطة خيار مع ملفوف,Ready to Eat Foods
سلطة مشوي (بقدونس مع بصل),Ready to Eat Foods
سلطة خيار بالفجل,Ready to Eat Foods
سلطة كوكو مولي,Ready to Eat Foods
سلطة بيردي,Ready to Eat Foods
سلطة باي نابل,Ready to Eat Foods
سلطة كوكومولي,Ready to Eat Foods
هريس,Ready to Eat Foods
سلطة جبنة بالشبت,Ready to Eat Foods
سلطة تيرمير حارة,Ready to Eat Foods
سلطة شلل مع زعتر,Ready to Eat Foods
سلطة جبن هنجاري بالزعتر,Ready to Eat Foods
سلطة مرتديلا (لحم +دجاج),Ready to Eat Foods
سلطة اسكندراني,Ready to Eat Foods
سلطة فيتا (عادي),Ready to Eat Foods
سلطة فيتا (حار),Ready to Eat Foods
سلطة مرتديلا (لحم + دجاج),Ready to Eat Foods
سلطة قريك بالجبنة,Ready to Eat Foods
سلطة مكس سي فور,Ready to Eat Foods
سلطة تايلاندي,Ready to Eat Foods
سلطة دجاج مع اناناس,Ready to Eat Foods
سلطة كيمو,Ready to Eat Foods
سلطة باستا مع تونة,Ready to Eat Foods
سلطة روبيان,Ready to Eat Foods
سلطة بحريات,Ready to Eat Foods
سلطة مكرونة (باستا),Ready to Eat Foods
ورق العنب,Ready to Eat Foods
سلطة كروسلو,Ready to Eat Foods
سلطة كينو,Ready to Eat Foods
سلطة مكسيكية مع لحم بقري,Ready to Eat Foods
سلطة لحم التايلاندية,Ready to Eat Foods
سلطة الفول,Ready to Eat Foods
سلطة شمندر بالطحنية,Ready to Eat Foods
سلطة فواكه مع سي فود,Ready to Eat Foods
سلطة جبنة حلومي,Ready to Eat Foods
سلطة هامور,Ready to Eat Foods
سلطة جبنة بيضاء مع فواكه,Ready to Eat Foods
سلطة امنت تال (جبن+فواكه),Ready to Eat Foods
سلطة جبنة كبترا,Ready to Eat Foods
سلطة جبنة مع فواكه,Ready to Eat Foods
سلطة باميا,Ready to Eat Foods
سلطة كوسة,Ready to Eat Foods
سلطة زهرة بالطحينة,Ready to Eat Foods
سلطة مصقع,Ready to Eat Foods
سلطة باذنجر,Ready to Eat Foods
سلطة حمص بالخضار,Ready to Eat Foods
سلطة نودلز,Ready to Eat Foods
سلطة تونة بالكافيار,Ready to Eat Foods
سلطة خضراء مع جوز الهند,Ready to Eat Foods
سلطة بازلاء مع جبنة,Ready to Eat Foods
سلطة قرع مع جبنة,Ready to Eat Foods
كينوا سلطة,Ready to Eat Foods
سلطة باذنجان مخلل,Ready to Eat Foods
سلطة بقدونس وجزر,Ready to Eat Foods
سلطة مرتديلا مكس بقري مع دجاج,Ready to Eat Foods
سلطة متبل حار,Ready to Eat Foods
سلطة تونة بالشطة,Ready to Eat Foods
سلطة لبن حار بالزبادي,Ready to Eat Foods
سلطة سيلانترو,Ready to Eat Foods
سلطة خيار و زبادي,Ready to Eat Foods
سلطة سومطرة,Ready to Eat Foods
سلطة زينون,Ready to Eat Foods
سلطة جزر ملفوف,Ready to Eat Foods
سلطة بالفلفل البارد,Ready to Eat Foods
سلطة بالبصل,Ready to Eat Foods
سلطة جبنة فيتا (حارة),Ready to Eat Foods
سلطة جبنة فيتا بالزعتر,Ready to Eat Foods
سلطة جبنة بالخضار (حارة),Ready to Eat Foods
سلطة مرتديلا (لحم - دجاج),Ready to Eat Foods
سلطة الحارة مغلقة,Ready to Eat Foods
سلطة طماطم مخلل,Ready to Eat Foods
سلطة باذنجان بالثوم,Ready to Eat Foods
سلطة باذنجان بالشطة,Ready to Eat Foods
سلطة لبنة خيار,Ready to Eat Foods
سلطة ثبوت (خبز مع لبن),Ready to Eat Foods
سلطة جبنة فيتا سبياسي,Ready to Eat Foods
سلطة مرتديلا دجاج -لحم,Ready to Eat Foods
سلطة مرتيلا (لحم + دجاج),Ready to Eat Foods
سلطة شامية حارة,Ready to Eat Foods
سلطة شامية باردة,Ready to Eat Foods
سلطة بقدونس مع شمندر,Ready to Eat Foods
سلطة قريش,Ready to Eat Foods
سلطة مرتديلا دجاج بالخضار,Ready to Eat Foods
سلطة خس مع زبادي,Ready to Eat Foods
سلطة ملفوف مع بصل و خيار,Ready to Eat Foods
سلطة مكدوس باذنجان,Ready to Eat Foods
اسبيشل سلطة مرتديلا (دجاج + ديك رومي),Ready to Eat Foods
سلطة جلن مكدوس,Ready to Eat Foods
سلطة لبنة ومكدوس,Ready to Eat Foods
سلطة بصل وبقدونس,Ready to Eat Foods
سلطة جبنة وزعتر,Ready to Eat Foods
سلطة جبنة مغربية,Ready to Eat Foods
سلطة جبنة سورية,Ready to Eat Foods
سلطة خيار وفجل,Ready to Eat Foods
سلطة جبنة مفوكة شامية مع توابل,Ready to Eat Foods
سلطة مرتديلا (دجاج + لحم),Ready to Eat Foods
سلطة خيار وجزر,Ready to Eat Foods
سلطة كلوس لو,Ready to Eat Foods
سلطة روكة,Ready to Eat Foods
سلطة كراب,Ready to Eat Foods
سلطة خيار ولبن,Ready to Eat Foods
سلطة طرطور (طحينة و نعناع و شبث),Ready to Eat Foods
سلطة شيرازية,Ready to Eat Foods
سلطة جبنة فيتا سعودي بالزعتر,Ready to Eat Foods
سلطة جبنة فيتا سعودي بالزعتر حار,Ready to Eat Foods
سلطة فواكه كيتو,Ready to Eat Foods
سلطة خضراء كيتو,Ready to Eat Foods
سلطة شمندر بالليمون,Ready to Eat Foods
سلطة طماطم بالقدونس و الباذنجان,Ready to Eat Foods
سلطة اتش (برغل + طماطم),Ready to Eat Foods
سلطة طماطم بارد,Ready to Eat Foods
سلطة مرتديلا مكس (دجاج + لحم),Ready to Eat Foods
سلطة بيتنا,Ready to Eat Foods
سلطة ذرة مع خيار,Ready to Eat Foods
سلطة بقدونس ويصل,Ready to Eat Foods
سلطة جبن فيتا و شيدر,Ready to Eat Foods
سلطة جبن فيتا حار,Ready to Eat Foods
سلطة مفروكة بالزعتر (جبن),Ready to Eat Foods
سلطة جبن فيتا حارة,Ready to Eat Foods
سلطة جبن فيتا زعتر,Ready to Eat Foods
سلطة جبن فيتا حبة البركة,Ready to Eat Foods
سلطة جبن فيتا مكدوس,Ready to Eat Foods
سلطة بقدونس مع بصل,Ready to Eat Foods
سلطة جبنة بدر بحبة البركة,Ready to Eat Foods
سلطة جبنة بدر بالشبت,Ready to Eat Foods
سلطة جبنة بدر بالزعتر,Ready to Eat Foods
سلطة مهروس حار,Ready to Eat Foods
سلطة ملفوف مع خيار,Ready to Eat Foods
سلطة ملفوف احمر,Ready to Eat Foods
سلطة خضراء مع دبس الرمان,Ready to Eat Foods
سلطة جبن مع الفلفل الحار,Ready to Eat Foods
سلطة جبنة بالنعاع,Ready to Eat Foods
سلطة بالمكدوس,Ready to Eat Foods
سلطة مانجا,Ready to Eat Foods
سلطة كازوكي,Ready to Eat Foods
سلطة بيكو,Ready to Eat Foods
سلطة مكس ملفوف,Ready to Eat Foods
سلطة خضراء تهامية,Ready to Eat Foods
سلطة خص وملفوف,Ready to Eat Foods
سلطة ملفوف كولسلو,Ready to Eat Foods
سلطة امي,Ready to Eat Foods
سلطة اجبان خضار حارة,Ready to Eat Foods
سلطة مفروكة حارة,Ready to Eat Foods
سلطة اجبان خضار فلفل,Ready to Eat Foods
سلطة اجبان خضار زعتر,Ready to Eat Foods
سلطة هالي زيتون اخضر,Ready to Eat Foods
سلطة جبن مرتديلا دجاج,Ready to Eat Foods
سلطة باستا ايطالية,Ready to Eat Foods
سلطة تفاح,Ready to Eat Foods
سلطة فجل مع خيار,Ready to Eat Foods
سلطة وكامولي,Ready to Eat Foods
سلطة كلوسلو,Ready to Eat Foods
سلطة ليمون,Ready to Eat Foods
سلطة حب البركة,Ready to Eat Foods
سلطة سبايسي,Ready to Eat Foods
سلطة مرتديلا مكس لحم + دجاج,Ready to Eat Foods
سلطة طحينة,Ready to Eat Foods
سلطة جبنة بارد,Ready to Eat Foods
سلطة جبنة خاصة حارة,Ready to Eat Foods
سلطة فيتا خضار حارة,Ready to Eat Foods
سلطة باذنجان عواقي,Ready to Eat Foods
سلطة كوسلو فيروز جاردن,Ready to Eat Foods
سلطة ملفوف فيروز جاردن,Ready to Eat Foods
سلطة ملفوف تشكن يلب,Ready to Eat Foods
سلطة زيتون شيت نت,Ready to Eat Foods
سلطة تونة فيروز جاردن,Ready to Eat Foods
سلطة فلافل فيروز جاردن,Ready to Eat Foods
سلطة شاورما فيروز جاردن,Ready to Eat Foods
سلطة بيقو ديقالو فيروز جاردن,Ready to Eat Foods
سلطة زيتون بالجزر,Ready to Eat Foods
سلطة زبادي مع خيار و نعناع,Ready to Eat Foods
سلطة جبن مع مكدوس,Ready to Eat Foods
سلطة جبن مشكل خضار,Ready to Eat Foods
سلطة جبن بالشطة,Ready to Eat Foods
سلطة لبنة مع بقدونس وثوم,Ready to Eat Foods
سلطة جبن مع حبة البركة,Ready to Eat Foods
سلطة جزر وخيار ليمون,Ready to Eat Foods
سلطة جرجير رمان,Ready to Eat Foods
سلطة بصل ليمون,Ready to Eat Foods
سلطة خس بقدونس,Ready to Eat Foods
سلطة جبنة بالشطة,Ready to Eat Foods
سلطة جبن حب البركة,Ready to Eat Foods
سلطة تراتو,Ready to Eat Foods
سلطة خضراء ورقي,Ready to Eat Foods
سلطة وك كامبر,Ready to Eat Foods
سلطة جبنة فيتا سعودي سبايسي,Ready to Eat Foods
سلطة جبنة فيتا سعودي,Ready to Eat Foods
كولسلو,Ready to Eat Foods
ايدام لحم,Ready to Eat Foods
ايدام لحم بقري,Ready to Eat Foods
رز,Ready to Eat Foods
الة اعداد الحمص,Environmental Swabs
حافظة اكل دجاج,Environmental Swabs
ايدام بقر,Ready to Eat Foods
دجاج بالعدس حار - مطبوخ,Ready to Eat Foods
ادام لحم بالخضار,Ready to Eat Foods
رز الابيض,Ready to Eat Foods
مصارين محشي رز,Ready to Eat Foods
ايدام مختوم دجاج,Ready to Eat Foods
ايدام دجاج بالبطاطس,Ready to Eat Foods
ساندويتش دجاج بيستو,Ready to Eat Foods
زهرة مشوي,Fruit and Vegetables
حمص مشوي,Fruit and Vegetables
دجاج بامية,Ready to Eat Foods
طرشي,Fruit and Vegetables
ادوات تقديم,Environmental Swabs
ادوات تقديم ٢,Environmental Swabs
اطباق اعداد,Environmental Swabs
اطباق اعداد٢,Environmental Swabs
حافظة الثلج,Environmental Swabs
عجانة موالح,Environmental Swabs
عجانة فطاير,Environmental Swabs
مسحه ثلاجه (2),Environmental Swabs
مسحه ثلاجه (3),Environmental Swabs
بسكويت سمسم,Cereals; Legumes and their Products
نكهة فراولة,Beverages
دبس رمان,"Chocolate, Sweets and their Ingredients"
نكهة فانيلا,Beverages
حلاوة طحينة,Miscellaneous Foods
نكهة باشن فروت,Beverages
صوص شيرة,"Chocolate, Sweets and their Ingredients"
نكهة توت ازرق,Beverages
نكهة رمان,Beverages
نكهة كراميل,Beverages
صوص دبس رمان,"Chocolate, Sweets and their Ingredients"
نكهة خوخ,Beverages
مربى تين,"Jelly, Jam and Marmalade"
مربى مشمش,"Jelly, Jam and Marmalade"
مربى توت,"Jelly, Jam and Marmalade"
نكهة بلو بيري,Beverages
نكهة بطيخ,Beverages
نكهة جح,Beverages
نكهة ليمون,Beverages
نكهة نعناع,Beverages
حلاوة طحينية,Miscellaneous Foods
نكهة توت اسود,Beverages
دبس الرمان,"Chocolate, Sweets and their Ingredients"
طحينة,Miscellaneous Foods
جلي فراولة,"Jelly, Jam and Marmalade"
نكهة بندق,Beverages
نكهة مانجا,Beverages
صوص دبس الرمان,"Chocolate, Sweets and their Ingredients"
حلاوة طحينة بالفستق,Miscellaneous Foods
صوص طحينة,Miscellaneous Foods
نكهة توت احمر,Beverages
شيرة,"Chocolate, Sweets and their Ingredients"
نكهة قصب سكر,Beverages
نكهة كركدية,Beverages
نكهة توت,Beverages
مربى كرز,"Jelly, Jam and Marmalade"
حلاوة طحينة شعر,Miscellaneous Foods
نكهة قشر البرتقال الازرق,Beverages
نكهة قشر البرتقال ازرق,Beverages
نكهة اناناس,Beverages
نكهة جوز الهند,Beverages
مربى قرع,"Jelly, Jam and Marmalade"
نكهة التوت الازرق,Beverages
نكهة مانجو,Beverages
نكهة تفاح اخضر,Beverages
نكهة الباشن فروت,Beverages
نكهة ليمون نعناع,Beverages
نكهة كيوي,Beverages
نكهة قشر برتقال ازرق,Beverages
نكهة الرمان,Beverages
حلاوة طحينية سادة,Miscellaneous Foods
نكهة الورد,Beverages
نكهة توت مشكل,Beverages
نكهة كرز,Beverages
نكهة لي بلو,Beverages
جيلي فراولة,"Jelly, Jam and Marmalade"
نكهة البطيخ,Beverages
نكهة الخوخ,Beverages
نكهة قصب السكر,Beverages
حلاوة طحنية,Miscellaneous Foods
حلاوة طحينية بالفستق,Miscellaneous Foods
دبس تمر,"Chocolate, Sweets and their Ingredients"
نكهة بستاشو,Beverages
نكهة توت البري,Beverages
نكهة قشر البرتقال,Beverages
نكهة توت بري,Beverages
نكهة سكر,Beverages
صوص طحينة حارة,Miscellaneous Foods
صوص دبس الرمان مع السماق,"Chocolate, Sweets and their Ingredients"
دبس رمان - صندوق السعادة,"Chocolate, Sweets and their Ingredients"
نكهة ليموناظة,Beverages
نكهة كراكاو (شبية توت ازرق),Beverages
نكهة كركار (شبية توت ازرق),Beverages
حلاوة طحنية هالي بالفستق,Miscellaneous Foods
نكهة فواكه,Beverages
نكهة ليفندر,Beverages
نكهة ون مليون,Beverages
نكهة ليتشي,Beverages
نكهة ليمون اليوزو,Beverages
شيرة صوص,"Chocolate, Sweets and their Ingredients"
نكهة الباشون,Beverages
نكهة شاهي بنكهة الخوخ,Beverages
نكهة فيمتو,Beverages
نكهة بلاك بيري,Beverages
نكهة تفاح,Beverages
نكهة سيرم,Beverages
نكهة توفي نت,Beverages
حلاوة طحينية عائسي اوريو,Miscellaneous Foods
حلاوة طحنية بالمكسرات,Miscellaneous Foods
صوص دبس,"Chocolate, Sweets and their Ingredients"
صوص دبس الرمان (فتوش),"Chocolate, Sweets and their Ingredients"
حلاوة طحينية ابو نار,Miscellaneous Foods
حلاوة طحينية لدو,Miscellaneous Foods
نكهة فروت باشون,Beverages
صوص مربى ورد,"Jelly, Jam and Marmalade"
نكهة سكر طبيعي,Beverages
نكهة ماتشا,Beverages
نكهة سيريل,Beverages
نكهة سيجنتشر,Beverages
نكهة باشن برتقال,Beverages
نكهة يوزو,Beverages
نكهة التوت الاحمر,Beverages
نكهة نعناع البري,Beverages
حلاوة طحينية شعر,Miscellaneous Foods
نكهة توت احمر م - ك,Beverages
صوص دبس الرمان عنبة,"Chocolate, Sweets and their Ingredients"
صوص شيرة قشطية,"Chocolate, Sweets and their Ingredients"
نكهة شاهي ليمون,Beverages
نكهة سينامون,Beverages
نكهة ورد,Beverages
صوص دبس رمان معلب,"Chocolate, Sweets and their Ingredients"
مربى باذنجان,"Jelly, Jam and Marmalade"
مربى شكلين,"Jelly, Jam and Marmalade"
مربى يقطين,"Jelly, Jam and Marmalade"
مربى تين شوكي,"Jelly, Jam and Marmalade"
دبس رمان معلب,"Chocolate, Sweets and their Ingredients"
دبس فليفلة حلوة,"Chocolate, Sweets and their Ingredients"
دبس فليفلة حار,"Chocolate, Sweets and their Ingredients"
نكهة فراولة مع قطع فراولة,Beverages
نكهة مابل,Beverages
حلاوة طحنية شوكليت,Miscellaneous Foods
حلاوة طحينة شوكليت,Miscellaneous Foods
نكهة البرتقال الازرق,Beverages
مربى مانجا,"Jelly, Jam and Marmalade"
طحينة حارة,Miscellaneous Foods
مربى بلو بيري,"Jelly, Jam and Marmalade"
صوص مربى فراولة,"Jelly, Jam and Marmalade"
نكهة قصب,Beverages
نكهة مكس توت وفراولة,Beverages
نكهة مي بول,Beverages
مربى توت مشكل,"Jelly, Jam and Marmalade"
دبس رمان مع حب,"Chocolate, Sweets and their Ingredients"
صوص سبايسي طحينة,Miscellaneous Foods
صوص طحينة مع كزبرة,Miscellaneous Foods
نكهة روز بيري,Beverages
نكهة نعناع مع ليمون اخضر,Beverages
نكهة قرع,Beverages
نكهة فانيلا مع قصب سكر,Beverages
