sample_id,canonical_category
pis-0060-r01,الحلويات والشوكولاتة
al-0100-r01,الحلويات والشوكولاتة
al-0099-r01,الحلويات والشوكولاتة
pis-0059-r01,الحلويات والشوكولاتة
al-0098-r01,الحلويات والشوكولاتة
pis-0058-r01,الحلويات والشوكولاتة
uu-pe-0510-r01,الفواكه والخضار
zab-0109-r01,الفواكه والخضار
al-0101-r01,الحلويات والشوكولاتة
al-0102-r01,الحلويات والشوكولاتة
pis-0061-r01,الحلويات والشوكولاتة
uu-pe-0518-r01,الفواكه والخضار
al-0103-r01,الحلويات والشوكولاتة
al-0104-r01,الحلويات والشوكولاتة
pis-0063-r01,الحلويات والشوكولاتة
uu-pe-0523-r01,الفواكه والخضار
al-0105-r01,الحلويات والشوكولاتة
pis-0064-r01,الحلويات والشوكولاتة
uu-pe-0527-r01,الفواكه والخضار
pis-0065-r01,الحلويات والشوكولاتة
al-0106-r01,الحلويات والشوكولاتة
pis-0066-r01,الحلويات والشوكولاتة
al-0107-r01,الحلويات والشوكولاتة
al-0108-r01,الحلويات والشوكولاتة
pis-0067-r01,الحلويات والشوكولاتة
ses-0035-r01,أغذية متنوعة
pis-0068-r01,الحلويات والشوكولاتة
al-0109-r01,الحلويات والشوكولاتة
uu-pe-0537-r01,الفواكه والخضار
pis-0071-r01,الحلويات والشوكولاتة
ses-0038-r01,أغذية متنوعة
al-0112-r01,الحلويات والشوكولاتة
1-2116-r01,الحلويات والشوكولاتة
uu-pe-0558-r01,الفواكه والخضار
oou-on-0310-r01,الفواكه والخضار
uu-pe-0561-r01,الفواكه والخضار
zab-0144-r01,الفواكه والخضار
zab-0146-r01,الفواكه والخضار
pis-0072-r01,الحلويات والشوكولاتة
uuo2-0003-r01,الحلويات والشوكولاتة
uu-pe-0571-r01,الفواكه والخضار
uu-pe-0572-r01,الفواكه والخضار
oou-on-0318-r01,الفواكه والخضار
pis-0073-r01,الحلويات والشوكولاتة
al-0114-r01,الحلويات والشوكولاتة
oou-on-0319-r01,الفواكه والخضار
uu-pe-0574-r01,الفواكه والخضار
pis-0074-r01,الحلويات والشوكولاتة
al-0115-r01,الحلويات والشوكولاتة
oou-on-0320-r01,الفواكه والخضار
zab-0158-r01,الفواكه والخضار
zab-0159-r01,الفواكه والخضار
al-0116-r01,الحلويات والشوكولاتة
pis-0075-r01,الحلويات والشوكولاتة
al-0117-r01,الحلويات والشوكولاتة
pis-0076-r01,الحلويات والشوكولاتة
al-0118-r01,الحلويات والشوكولاتة
al-0119-r01,الحلويات والشوكولاتة
uu-pe-0586-r01,الفواكه والخضار
oou-on-0328-r01,الفواكه والخضار
uu-pe-0587-r01,الفواكه والخضار
uu-pe-0588-r01,الفواكه والخضار
uu-pe-0589-r01,الفواكه والخضار
oou-on-0329-r01,الفواكه والخضار
1-2171-r01,الأطعمة الجاهزة للأكل
pis-0077-r01,الحلويات والشوكولاتة
al-0120-r01,الحلويات والشوكولاتة
al-0121-r01,الحلويات والشوكولاتة
uu-pe-0603-r01,الفواكه والخضار
uu-pe-0604-r01,الفواكه والخضار
oou-on-0339-r01,الفواكه والخضار
pis-0078-r01,الحلويات والشوكولاتة
al-0122-r01,الحلويات والشوكولاتة
al-0123-r01,الحلويات والشوكولاتة
uu-pe-0607-r01,الفواكه والخضار
al-0124-r01,الحلويات والشوكولاتة
al-0125-r01,الحلويات والشوكولاتة
al-0126-r01,الحلويات والشوكولاتة
al-0127-r01,الحلويات والشوكولاتة
uu-pe-0612-r01,الفواكه والخضار
uu-pe-0613-r01,الفواكه والخضار
oou-on-0342-r01,الفواكه والخضار
al-0128-r01,الحلويات والشوكولاتة
al-0129-r01,الحلويات والشوكولاتة
pis-0079-r01,الحلويات والشوكولاتة
oou-on-0343-r01,الفواكه والخضار
uu-pe-0617-r01,الفواكه والخضار
uu-pe-0618-r01,الفواكه والخضار
al-0130-r01,الحلويات والشوكولاتة
pis-0080-r01,الحلويات والشوكولاتة
ses-0047-r01,أغذية متنوعة
al-0131-r01,الحلويات والشوكولاتة
al-0132-r01,الحلويات والشوكولاتة
ses-0050-r01,أغذية متنوعة
pis-0081-r01,الحلويات والشوكولاتة
al-0133-r01,الحلويات والشوكولاتة
pis-0083-r01,الحلويات والشوكولاتة
al-0136-r01,الحلويات والشوكولاتة
al-0135-r01,الحلويات والشوكولاتة
al-0134-r01,الحلويات والشوكولاتة
pis-0082-r01,الحلويات والشوكولاتة
uu-pe-0640-r01,الفواكه والخضار
uu-pe-0639-r01,الفواكه والخضار
oou-on-0354-r01,الفواكه والخضار
al-0137-r01,الحلويات والشوكولاتة
al-0138-r01,الحلويات والشوكولاتة
pis-0084-r01,الحلويات والشوكولاتة
al-0139-r01,الحلويات والشوكولاتة
al-0140-r01,الحلويات والشوكولاتة
pis-0085-r01,الحلويات والشوكولاتة
pis-0106-r01,الحلويات والشوكولاتة
1-2389-r01,الحلويات والشوكولاتة
al-0167-r01,الحلويات والشوكولاتة
fr-0053-r01,الفواكه والخضار
uu-pe-0679-r01,الفواكه والخضار
al-0168-r01,الحلويات والشوكولاتة
pis-0107-r01,الحلويات والشوكولاتة
1-2395-r01,الحلويات والشوكولاتة
al-0169-r01,الحلويات والشوكولاتة
1-2398-r01,الحلويات والشوكولاتة
pis-0109-r01,الحلويات والشوكولاتة
oou-on-0367-r01,الفواكه والخضار
uu-pe-0684-r01,الفواكه والخضار
pis-0110-r01,الحلويات والشوكولاتة
1-2403-r01,الحلويات والشوكولاتة
pis-0111-r01,الحلويات والشوكولاتة
al-0173-r01,الحلويات والشوكولاتة
zab-0271-r01,الفواكه والخضار
uu-pe-0692-r01,الفواكه والخضار
uu-pe-0698-r01,الفواكه والخضار
al-0177-r01,الحلويات والشوكولاتة
uu-pe-0701-r01,الفواكه والخضار
uu-pe-0702-r01,الفواكه والخضار
al-0180-r01,الحلويات والشوكولاتة
1-2419-r01,الحلويات والشوكولاتة
oou-on-0373-r01,الفواكه والخضار
uu-pe-0705-r01,الفواكه والخضار
al-0181-r01,الحلويات والشوكولاتة
uu-pe-0707-r01,الفواكه والخضار
al-0183-r01,الحلويات والشوكولاتة
al-0184-r01,الحلويات والشوكولاتة
uu-pe-0709-r01,الفواكه والخضار
ses-0080-r01,أغذية متنوعة
uu-pe-0711-r01,الفواكه والخضار
al-0185-r01,الحلويات والشوكولاتة
uu-pe-0718-r01,الفواكه والخضار
lup-0077-r01,الحلويات والشوكولاتة
uu-pe-0723-r01,الفواكه والخضار
uu-pe-0730-r01,الفواكه والخضار
uu-pe-0738-r01,الفواكه والخضار
pis-0126-r01,الحلويات والشوكولاتة
uu-pe-0740-r01,الفواكه والخضار
pis-0127-r01,الحلويات والشوكولاتة
uu-pe-0743-r01,الفواكه والخضار
al-0199-r01,الحلويات والشوكولاتة
1-2457-r01,الحلويات والشوكولاتة
al-0200-r01,الحلويات والشوكولاتة
uu-pe-0751-r01,الفواكه والخضار
al-0201-r01,الحلويات والشوكولاتة
uu-pe-0761-r01,الفواكه والخضار
al-0202-r01,الحلويات والشوكولاتة
uu-pe-0762-r01,الفواكه والخضار
ses-0087-r01,أغذية متنوعة
al-0204-r01,الحلويات والشوكولاتة
1-2469-r01,الحلويات والشوكولاتة
pis-0132-r01,الحلويات والشوكولاتة
pis-0133-r01,الحلويات والشوكولاتة
ses-0088-r01,أغذية متنوعة
uu-pe-0776-r01,الفواكه والخضار
uu-pe-0777-r01,الفواكه والخضار
walnuts-0001-r01,الحلويات والشوكولاتة
al-0208-r01,الحلويات والشوكولاتة
uu-pe-0784-r01,الفواكه والخضار
ses-0092-r01,البهارات والصوصات
1-2483-r01,البهارات والصوصات
lup-0081-r01,الحلويات والشوكولاتة
pis-0138-r01,الحلويات والشوكولاتة
al-0210-r01,الحلويات والشوكولاتة
uu-pe-0789-r01,الفواكه والخضار
uu-pe-0792-r01,الفواكه والخضار
al-0211-r01,الحلويات والشوكولاتة
1-2489-r01,الحلويات والشوكولاتة
pis-0139-r01,الحلويات والشوكولاتة
uu-pe-0795-r01,الفواكه والخضار
al-0212-r01,الحلويات والشوكولاتة
pis-0140-r01,الحلويات والشوكولاتة
uu-pe-0796-r01,الفواكه والخضار
ses-0096-r01,أغذية متنوعة
uu-pe-0805-r01,الفواكه والخضار
al-0213-r01,الحلويات والشوكولاتة
pis-0141-r01,الحلويات والشوكولاتة
1-2501-r01,الحلويات والشوكولاتة
uu-pe-0810-r01,الفواكه والخضار
pis-0142-r01,الحلويات والشوكولاتة
al-0214-r01,الحلويات والشوكولاتة
1-2504-r01,الحلويات والشوكولاتة
al-0215-r01,الحلويات والشوكولاتة
pis-0143-r01,الحلويات والشوكولاتة
ses-0099-r01,أغذية متنوعة
al-0216-r01,الحلويات والشوكولاتة
pis-0144-r01,الحلويات والشوكولاتة
al-0217-r01,الحلويات والشوكولاتة
pis-0145-r01,الحلويات والشوكولاتة
1-2519-r01,الحلويات والشوكولاتة
al-0219-r01,الحلويات والشوكولاتة
ses-0100-r01,البهارات والصوصات
pis-0146-r01,الحلويات والشوكولاتة
uu-pe-0821-r01,الفواكه والخضار
ses-0101-r01,أغذية متنوعة
ses-0102-r01,أغذية متنوعة
pis-0147-r01,الحلويات والشوكولاتة
al-0220-r01,الحلويات والشوكولاتة
1-2527-r01,الحلويات والشوكولاتة
al-0221-r01,الحلويات والشوكولاتة
al-0222-r01,الحلويات والشوكولاتة
al-0223-r01,الحلويات والشوكولاتة
1-2531-r01,الحلويات والشوكولاتة
pis-0148-r01,الحلويات والشوكولاتة
uu-pe-0825-r01,الفواكه والخضار
sal-0857-r01,الفواكه والخضار
uu-pe-0830-r01,الفواكه والخضار
uu-pe-0833-r01,الفواكه والخضار
uu-pe-0836-r01,الفواكه والخضار
1-2549-r01,الحلويات والشوكولاتة
al-0226-r01,الحلويات والشوكولاتة
pis-0150-r01,الحلويات والشوكولاتة
uu-pe-0842-r01,الفواكه والخضار
1-2556-r01,الحلويات والشوكولاتة
pis-0151-r01,الحلويات والشوكولاتة
al-0227-r01,الحلويات والشوكولاتة
uu-pe-0847-r01,الفواكه والخضار
al-0228-r01,الحلويات والشوكولاتة
uu-pe-0849-r01,الفواكه والخضار
lup-0094-r01,الحلويات والشوكولاتة
pis-0152-r01,الحلويات والشوكولاتة
al-0229-r01,الحلويات والشوكولاتة
1-2561-r01,الحلويات والشوكولاتة
uu-pe-0850-r01,الفواكه والخضار
sal-0892-r01,الفواكه والخضار
1-2573-r01,الحلويات والشوكولاتة
pis-0153-r01,الحلويات والشوكولاتة
uu-pe-0854-r01,الفواكه والخضار
pis-0154-r01,الحلويات والشوكولاتة
1-2576-r01,الحلويات والشوكولاتة
al-0230-r01,الحلويات والشوكولاتة
uu-pe-0859-r01,الفواكه والخضار
al-0231-r01,الحلويات والشوكولاتة
1-2579-r01,الحلويات والشوكولاتة
uu-pe-0861-r01,الفواكه والخضار
uu-pe-0863-r01,الفواكه والخضار
1-2588-r01,الحلويات والشوكولاتة
al-0232-r01,الحلويات والشوكولاتة
pis-0156-r01,الحلويات والشوكولاتة
al-0233-r01,الحلويات والشوكولاتة
uu-pe-0871-r01,الفواكه والخضار
lup-0098-r01,الحلويات والشوكولاتة
uu-pe-0874-r01,الفواكه والخضار
al-0234-r01,الحلويات والشوكولاتة
pis-0157-r01,الحلويات والشوكولاتة
uu-pe-0875-r01,الفواكه والخضار
al-0235-r01,الحلويات والشوكولاتة
uu-pe-0879-r01,الفواكه والخضار
1-2591-r01,الحلويات والشوكولاتة
lup-0103-r01,الحلويات والشوكولاتة
1-2598-r01,الحلويات والشوكولاتة
al-0236-r01,الحلويات والشوكولاتة
al-0237-r01,الحلويات والشوكولاتة
pis-0158-r01,الحلويات والشوكولاتة
uu-pe-0889-r01,الفواكه والخضار
pis-0159-r01,الحلويات والشوكولاتة
al-0238-r01,الحلويات والشوكولاتة
al-0239-r01,الحلويات والشوكولاتة
pis-0160-r01,الحلويات والشوكولاتة
uu-pe-0894-r01,الفواكه والخضار
uu-pe-0897-r01,الفواكه والخضار
al-0240-r01,الحلويات والشوكولاتة
1-2620-r01,الحلويات والشوكولاتة
pis-0161-r01,الحلويات والشوكولاتة
lup-0107-r01,الحلويات والشوكولاتة
uu-pe-0904-r01,الفواكه والخضار
uu-pe-0907-r01,الفواكه والخضار
lup-0111-r01,الحلويات والشوكولاتة
al-0241-r01,الحلويات والشوكولاتة
1-2633-r01,الحلويات والشوكولاتة
pis-0162-r01,الحلويات والشوكولاتة
sal-0956-r01,الفواكه والخضار
lup-0112-r01,الحلويات والشوكولاتة
uu-pe-0912-r01,الفواكه والخضار
al-0242-r01,الحلويات والشوكولاتة
pis-0163-r01,الحلويات والشوكولاتة
lup-0113-r01,الحلويات والشوكولاتة
uu-pe-0919-r01,الفواكه والخضار
sal-0962-r01,الفواكه والخضار
uu-pe-0923-r01,الفواكه والخضار
1-2646-r01,الحلويات والشوكولاتة
al-0243-r01,الحلويات والشوكولاتة
pis-0164-r01,الحلويات والشوكولاتة
lup-0114-r01,الحلويات والشوكولاتة
uu-pe-0926-r01,الفواكه والخضار
hs-0266-r01,البهارات والصوصات
pis-0165-r01,الحلويات والشوكولاتة
al-0244-r01,الحلويات والشوكولاتة
uu-pe-0930-r01,الفواكه والخضار
sal-0973-r01,الفواكه والخضار
sal-0978-r01,الفواكه والخضار
al-0245-r01,الحلويات والشوكولاتة
pis-0166-r01,الحلويات والشوكولاتة
pis-0167-r01,الحلويات والشوكولاتة
1-2659-r01,الحلويات والشوكولاتة
al-0246-r01,الحلويات والشوكولاتة
hs-0268-r01,البهارات والصوصات
al-0247-r01,الحلويات والشوكولاتة
pis-0168-r01,الحلويات والشوكولاتة
1-2662-r01,الحلويات والشوكولاتة
1-2663-r01,الحلويات والشوكولاتة
al-0248-r01,الحلويات والشوكولاتة
al-0249-r01,الحلويات والشوكولاتة
al-0250-r01,الحلويات والشوكولاتة
sal-0991-r01,الفواكه والخضار
uu-pe-0939-r01,الفواكه والخضار
spic-0238-r01,البهارات والصوصات
spic-0239-r01,البهارات والصوصات
1-2671-r01,الحلويات والشوكولاتة
al-0251-r01,الحلويات والشوكولاتة
pis-0169-r01,الحلويات والشوكولاتة
cer-0042-r01,الحلويات والشوكولاتة
pe-0037-r01,الحلويات والشوكولاتة
al-0252-r01,الحلويات والشوكولاتة
al-0253-r01,الحلويات والشوكولاتة
al-0254-r01,الحلويات والشوكولاتة
1-2685-r01,الحلويات والشوكولاتة
pis-0170-r01,الحلويات والشوكولاتة
pis-0171-r01,الحلويات والشوكولاتة
uu-le-0376-r01,الفواكه والخضار
uu-le-0377-r01,الفواكه والخضار
uu-pe-0944-r01,الفواكه والخضار
uu-pe-0945-r01,الفواكه والخضار
lup-0118-r01,الحلويات والشوكولاتة
al-0255-r01,الحلويات والشوكولاتة
1-2702-r01,الحلويات والشوكولاتة
pis-0172-r01,الحلويات والشوكولاتة
uu-le-0378-r01,الفواكه والخضار
uu-pe-0949-r01,الفواكه والخضار
uu-pe-0950-r01,الفواكه والخضار
pis-0173-r01,الحلويات والشوكولاتة
al-0256-r01,الحلويات والشوكولاتة
al-0257-r01,الحلويات والشوكولاتة
al-0258-r01,الحلويات والشوكولاتة
1-2704-r01,الحلويات والشوكولاتة
pis-0174-r01,الحلويات والشوكولاتة
al-0259-r01,الحلويات والشوكولاتة
1-2705-r01,الحلويات والشوكولاتة
uu-pe-0953-r01,الفواكه والخضار
uu-pe-0957-r01,الفواكه والخضار
cer-0047-r01,الحلويات والشوكولاتة
oo-oss-po-0322-r01,الفواكه والخضار
pis-0175-r01,الحلويات والشوكولاتة
al-0260-r01,الحلويات والشوكولاتة
al-0261-r01,الحلويات والشوكولاتة
1-2707-r01,الحلويات والشوكولاتة
hs-0269-r01,البهارات والصوصات
1-2709-r01,الحلويات والشوكولاتة
1-2710-r01,الحلويات والشوكولاتة
pis-0176-r01,الحلويات والشوكولاتة
al-0262-r01,الحلويات والشوكولاتة
al-0263-r01,الحلويات والشوكولاتة
pis-0178-r01,الحلويات والشوكولاتة
1-2715-r01,الحلويات والشوكولاتة
al-0264-r01,الحلويات والشوكولاتة
ses-0125-r01,أغذية متنوعة
sal-1011-r01,الفواكه والخضار
pis-0179-r01,الحلويات والشوكولاتة
pis-0180-r01,الحلويات والشوكولاتة
1-2717-r01,الحلويات والشوكولاتة
1-2718-r01,الحلويات والشوكولاتة
al-0265-r01,الحلويات والشوكولاتة
al-0266-r01,الحلويات والشوكولاتة
uu-le-0383-r01,الفواكه والخضار
lup-0121-r01,الحلويات والشوكولاتة
uu-pe-0963-r01,الفواكه والخضار
cer-0049-r01,البهارات والصوصات
ses-0127-r01,أغذية متنوعة
sal-1021-r01,الفواكه والخضار
sal-1023-r01,الفواكه والخضار
uu-pe-0964-r01,الفواكه والخضار
uu-pe-0968-r01,الفواكه والخضار
pis-0181-r01,الحلويات والشوكولاتة
al-0267-r01,الحلويات والشوكولاتة
lup-0123-r01,الحلويات والشوكولاتة
sal-1025-r01,الفواكه والخضار
pis-0182-r01,الحلويات والشوكولاتة
pis-0183-r01,الحلويات والشوكولاتة
1-2725-r01,الحلويات والشوكولاتة
al-0268-r01,الحلويات والشوكولاتة
al-0269-r01,الحلويات والشوكولاتة
ses-0128-r01,أغذية متنوعة
1-2728-r01,الحلويات والشوكولاتة
sal-1032-r01,الفواكه والخضار
sal-1033-r01,الفواكه والخضار
sal-1034-r01,الفواكه والخضار
sal-1035-r01,الفواكه والخضار
hs-0273-r01,البهارات والصوصات
lup-0127-r01,الحلويات والشوكولاتة
uu-pe-0983-r01,الفواكه والخضار
sal-1040-r01,الفواكه والخضار
sau-1158-r01,البهارات والصوصات
car-0198-r01,البهارات والصوصات
pis-0184-r01,الحلويات والشوكولاتة
al-0271-r01,الحلويات والشوكولاتة
al-0272-r01,الحلويات والشوكولاتة
pis-0185-r01,الحلويات والشوكولاتة
pis-0186-r01,الحلويات والشوكولاتة
1-2738-r01,الحلويات والشوكولاتة
uu-pe-0996-r01,الفواكه والخضار
uu-pe-0997-r01,الفواكه والخضار
lup-0131-r01,الحلويات والشوكولاتة
ses-0130-r01,أغذية متنوعة
ses-0131-r01,البهارات والصوصات
al-0273-r01,الحلويات والشوكولاتة
pis-0188-r01,الحلويات والشوكولاتة
1-2770-r01,الحلويات والشوكولاتة
pis-0189-r01,الحلويات والشوكولاتة
1-2771-r01,الحلويات والشوكولاتة
al-0275-r01,الحلويات والشوكولاتة
al-0276-r01,الحلويات والشوكولاتة
ses-0134-r01,البهارات والصوصات
uu-pe-1003-r01,الفواكه والخضار
uu-pe-1004-r01,الفواكه والخضار
uu-le-0387-r01,الفواكه والخضار
1-2772-r01,الحبوب والبقوليات
ses-0135-r01,أغذية متنوعة
pis-0190-r01,الحلويات والشوكولاتة
al-0277-r01,الحلويات والشوكولاتة
al-0278-r01,الحلويات والشوكولاتة
1-2775-r01,الحلويات والشوكولاتة
lup-0132-r01,الحلويات والشوكولاتة
uu-pe-1010-r01,الفواكه والخضار
ses-0136-r01,أغذية متنوعة
uu-pe-1012-r01,الفواكه والخضار
ses-0137-r01,أغذية متنوعة
uu-pe-1020-r01,الفواكه والخضار
uu-le-0391-r01,الفواكه والخضار
al-0279-r01,الحلويات والشوكولاتة
pis-0191-r01,الحلويات والشوكولاتة
1-2803-r01,الحلويات والشوكولاتة
ses-0139-r01,أغذية متنوعة
uu-pe-1022-r01,الفواكه والخضار
uu-le-0392-r01,الفواكه والخضار
al-0280-r01,الحلويات والشوكولاتة
pis-0192-r01,الحلويات والشوكولاتة
ses-0142-r01,البهارات والصوصات
lup-0136-r01,الحلويات والشوكولاتة
ses-0143-r01,أغذية متنوعة
al-0281-r01,الحلويات والشوكولاتة
pis-0193-r01,الحلويات والشوكولاتة
uu-pe-1027-r01,الفواكه والخضار
uu-le-0393-r01,الفواكه والخضار
lup-0137-r01,الحلويات والشوكولاتة
al-0282-r01,الحلويات والشوكولاتة
1-2810-r01,الحلويات والشوكولاتة
pis-0194-r01,الحلويات والشوكولاتة
uu-pe-1031-r01,الفواكه والخضار
uu-pe-1032-r01,الفواكه والخضار
uu-pe-1036-r01,الفواكه والخضار
uu-pe-1037-r01,الفواكه والخضار
ses-0145-r01,أغذية متنوعة
ses-0146-r01,أغذية متنوعة
lup-0139-r01,الحلويات والشوكولاتة
al-0283-r01,الحلويات والشوكولاتة
1-2816-r01,الحلويات والشوكولاتة
pis-0195-r01,الحلويات والشوكولاتة
ses-0147-r01,أغذية متنوعة
ses-0148-r01,أغذية متنوعة
1-2820-r01,الحلويات والشوكولاتة
uu-pe-1044-r01,الفواكه والخضار
ses-0149-r01,البهارات والصوصات
pis-0196-r01,الحلويات والشوكولاتة
al-0284-r01,الحلويات والشوكولاتة
lup-0141-r01,الحلويات والشوكولاتة
uu-pe-1049-r01,الفواكه والخضار
ses-0150-r01,أغذية متنوعة
ses-0151-r01,أغذية متنوعة
ses-0152-r01,البهارات والصوصات
al-0285-r01,الحلويات والشوكولاتة
1-2825-r01,الحلويات والشوكولاتة
pis-0197-r01,الحلويات والشوكولاتة
ses-0153-r01,أغذية متنوعة
ses-0154-r01,أغذية متنوعة
al-0286-r01,الحلويات والشوكولاتة
pis-0198-r01,الحلويات والشوكولاتة
uu-pe-1058-r01,الفواكه والخضار
lup-0145-r01,الحلويات والشوكولاتة
uu-pe-1061-r01,الفواكه والخضار
uu-pe-1062-r01,الفواكه والخضار
uu-pe-1063-r01,الفواكه والخضار
1-2834-r01,الحلويات والشوكولاتة
lup-0147-r01,الحلويات والشوكولاتة
cer-0052-r01,البهارات والصوصات
uu-pe-1066-r01,الفواكه والخضار
al-0287-r01,الحلويات والشوكولاتة
al-0288-r01,الحلويات والشوكولاتة
uu-pe-1070-r01,الفواكه والخضار
al-0289-r01,الحلويات والشوكولاتة
pis-0199-r01,الحلويات والشوكولاتة
lup-0148-r01,الحلويات والشوكولاتة
uu-pe-1075-r01,الفواكه والخضار
uu-pe-1076-r01,الفواكه والخضار
ma-0099-r01,الحبوب والبقوليات
al-0290-r01,الحلويات والشوكولاتة
1-2867-r01,الحلويات والشوكولاتة
al-0291-r01,الحلويات والشوكولاتة
sal-1189-r01,الفواكه والخضار
sal-1191-r01,الفواكه والخضار
ses-0155-r01,أغذية متنوعة
uu-pe-1080-r01,الفواكه والخضار
uu-pe-1081-r01,الفواكه والخضار
al-0292-r01,الحلويات والشوكولاتة
1-2881-r01,الحلويات والشوكولاتة
al-0293-r01,الحلويات والشوكولاتة
1-2888-r01,الحلويات والشوكولاتة
pis-0200-r01,الحلويات والشوكولاتة
ses-0157-r01,أغذية متنوعة
ses-0158-r01,أغذية متنوعة
uu-pe-1094-r01,الفواكه والخضار
uu-pe-1095-r01,الفواكه والخضار
cer-0053-r01,البهارات والصوصات
pis-0201-r01,الحلويات والشوكولاتة
al-0294-r01,الحلويات والشوكولاتة
1-2904-r01,الحلويات والشوكولاتة
ses-0160-r01,أغذية متنوعة
lup-0151-r01,الحلويات والشوكولاتة
uu-pe-1099-r01,الفواكه والخضار
ses-0161-r01,أغذية متنوعة
al-0295-r01,الحلويات والشوكولاتة
lup-0153-r01,الحلويات والشوكولاتة
ses-0162-r01,أغذية متنوعة
uu-pe-1106-r01,الفواكه والخضار
uu-pe-1109-r01,الفواكه والخضار
cer-0054-r01,البهارات والصوصات
1-2914-r01,الحلويات والشوكولاتة
pis-0202-r01,الحلويات والشوكولاتة
al-0296-r01,الحلويات والشوكولاتة
uu-pe-1113-r01,الفواكه والخضار
lup-0156-r01,الحلويات والشوكولاتة
uu-pe-1117-r01,الفواكه والخضار
uu-pe-1118-r01,الفواكه والخضار
1-2916-r01,الحلويات والشوكولاتة
al-0297-r01,الحلويات والشوكولاتة
ses-0164-r01,أغذية متنوعة
cer-0055-r01,البهارات والصوصات
uu-pe-1124-r01,الفواكه والخضار
lup-0158-r01,الحلويات والشوكولاتة
1-2926-r01,الحلويات والشوكولاتة
al-0298-r01,الحلويات والشوكولاتة
cer-0056-r01,البهارات والصوصات
ses-0165-r01,أغذية متنوعة
uu-pe-1128-r01,الفواكه والخضار
uu-pe-1130-r01,الفواكه والخضار
uu-pe-1133-r01,الفواكه والخضار
1-2937-r01,الحلويات والشوكولاتة
al-0299-r01,الحلويات والشوكولاتة
pis-0203-r01,الحلويات والشوكولاتة
pis-0204-r01,الحلويات والشوكولاتة
1-2938-r01,الحلويات والشوكولاتة
al-0300-r01,الحلويات والشوكولاتة
uu-pe-1138-r01,الفواكه والخضار
uu-pe-1139-r01,الفواكه والخضار
ses-0168-r01,أغذية متنوعة
ses-0169-r01,أغذية متنوعة
uu-pe-1144-r01,الفواكه والخضار
uu-pe-1145-r01,الفواكه والخضار
al-0301-r01,الحلويات والشوكولاتة
pis-0205-r01,الحلويات والشوكولاتة
1-2950-r01,الحلويات والشوكولاتة
ses-0172-r01,أغذية متنوعة
uu-pe-1147-r01,الفواكه والخضار
al-0302-r01,الحلويات والشوكولاتة
1-2955-r01,الحلويات والشوكولاتة
uu-pe-1148-r01,الفواكه والخضار
uu-pe-1153-r01,الفواكه والخضار
uu-pe-1156-r01,الفواكه والخضار
al-0303-r01,الحلويات والشوكولاتة
1-2959-r01,الحلويات والشوكولاتة
pis-0206-r01,الحلويات والشوكولاتة
lup-0160-r01,الحلويات والشوكولاتة
uu-pe-1160-r01,الفواكه والخضار
uu-pe-1161-r01,الفواكه والخضار
cer-0059-r01,البهارات والصوصات
ses-0173-r01,أغذية متنوعة
uu-pe-1168-r01,الفواكه والخضار
al-0304-r01,الحلويات والشوكولاتة
pis-0207-r01,الحلويات والشوكولاتة
pis-0208-r01,الحلويات والشوكولاتة
1-2969-r01,الحلويات والشوكولاتة
uu-pe-1171-r01,الفواكه والخضار
uu-pe-1172-r01,الفواكه والخضار
ses-0175-r01,أغذية متنوعة
ses-0176-r01,أغذية متنوعة
1-2976-r01,الحلويات والشوكولاتة
al-0305-r01,الحلويات والشوكولاتة
1-2986-r01,الحلويات والشوكولاتة
al-0306-r01,الحلويات والشوكولاتة
pis-0209-r01,الحلويات والشوكولاتة
lup-0161-r01,الحلويات والشوكولاتة
uu-pe-1181-r01,الفواكه والخضار
ses-0177-r01,البهارات والصوصات
uu-pe-1184-r01,الفواكه والخضار
al-0307-r01,الحلويات والشوكولاتة
1-2988-r01,الحلويات والشوكولاتة
lup-0164-r01,الحلويات والشوكولاتة
uu-pe-1190-r01,الفواكه والخضار
uu-pe-1191-r01,الفواكه والخضار
al-0308-r01,الحلويات والشوكولاتة
1-2991-r01,الحلويات والشوكولاتة
al-0309-r01,الحلويات والشوكولاتة
pis-0210-r01,الحلويات والشوكولاتة
ses-0178-r01,أغذية متنوعة
ses-0179-r01,أغذية متنوعة
pis-0211-r01,الحلويات والشوكولاتة
al-0310-r01,الحلويات والشوكولاتة
1-2997-r01,الحلويات والشوكولاتة
uu-pe-1199-r01,الفواكه والخضار
uu-pe-1200-r01,الفواكه والخضار
uu-pe-1203-r01,الفواكه والخضار
ses-0180-r01,أغذية متنوعة
ses-0181-r01,أغذية متنوعة
al-0311-r01,الحلويات والشوكولاتة
uu-pe-1205-r01,الفواكه والخضار
uu-pe-1206-r01,الفواكه والخضار
al-0312-r01,الحلويات والشوكولاتة
pis-0212-r01,الحلويات والشوكولاتة
1-3008-r01,الحلويات والشوكولاتة
uu-pe-1209-r01,الفواكه والخضار
uu-pe-1212-r01,الفواكه والخضار
al-0313-r01,الحلويات والشوكولاتة
1-3010-r01,الحلويات والشوكولاتة
pis-0213-r01,الحلويات والشوكولاتة
lup-0168-r01,الحلويات والشوكولاتة
uu-pe-1213-r01,الفواكه والخضار
pis-0214-r01,الحلويات والشوكولاتة
lup-0170-r01,الحلويات والشوكولاتة
uu-pe-1218-r01,الفواكه والخضار
uu-pe-1219-r01,الفواكه والخضار
ses-0183-r01,أغذية متنوعة
1-3029-r01,الحلويات والشوكولاتة
pis-0215-r01,الحلويات والشوكولاتة
al-0314-r01,الحلويات والشوكولاتة
al-0315-r01,الحلويات والشوكولاتة
uu-pe-1224-r01,الفواكه والخضار
1-3038-r01,الحلويات والشوكولاتة
pis-0216-r01,الحلويات والشوكولاتة
al-0316-r01,الحلويات والشوكولاتة
pis-0217-r01,الحلويات والشوكولاتة
al-0317-r01,الحلويات والشوكولاتة
1-3072-r01,الحلويات والشوكولاتة
al-0318-r01,الحلويات والشوكولاتة
pis-0218-r01,الحلويات والشوكولاتة
uu-pe-1233-r01,الفواكه والخضار
uu-pe-1234-r01,الفواكه والخضار
lup-0172-r01,الحلويات والشوكولاتة
oou-on-0235,الفواكه والخضار
zab-0036,الفواكه والخضار
oou-on-0262,الفواكه والخضار
oou-on-0253,الفواكه والخضار
oou-on-0252,الفواكه والخضار
oou-on-0254,الفواكه والخضار
oou-on-0255,الفواكه والخضار
hs-0112-r01,الفواكه والخضار
sweet-0073-r01,المربى والجلي
sweet-0072-r01,المربى والجلي
sweet-0071-r01,المربى والجلي
sweet-0070-r01,المربى والجلي
zab-0108-r01,الفواكه والخضار
zab-0107-r01,الفواكه والخضار
ses-0028-r01,أغذية متنوعة
lup-0038-r01,الحلويات والشوكولاتة
oou-on-0270-r01,الفواكه والخضار
lup-0037-r01,الحلويات والشوكولاتة
oou-on-0269-r01,الفواكه والخضار
zab-0106-r01,الفواكه والخضار
zab-0105-r01,الفواكه والخضار
puree-0012-r01,الحبوب والبقوليات
ses-0027-r01,أغذية متنوعة
uu-pe-0498-r01,الفواكه والخضار
oou-on-0268-r01,الفواكه والخضار
zab-0104-r01,الفواكه والخضار
zab-0103-r01,الفواكه والخضار
zab-0102-r01,الفواكه والخضار
zab-0101-r01,الفواكه والخضار
puree-0013-r01,الحبوب والبقوليات
ses-0029-r01,أغذية متنوعة
oou-on-0277-r01,الفواكه والخضار
puree-0014-r01,الحبوب والبقوليات
lup-0043-r01,الحلويات والشوكولاتة
zab-0110-r01,الفواكه والخضار
zab-0111-r01,الفواكه والخضار
zab-0112-r01,الفواكه والخضار
oou-on-0281-r01,الفواكه والخضار
ses-0030-r01,أغذية متنوعة
oou-on-0282-r01,الفواكه والخضار
zab-0114-r01,الفواكه والخضار
zab-0113-r01,الفواكه والخضار
cor-0099-r01,الحبوب والبقوليات
puree-0015-r01,الحبوب والبقوليات
lup-0045-r01,الحلويات والشوكولاتة
ses-0031-r01,أغذية متنوعة
zab-0115-r01,الفواكه والخضار
zab-0116-r01,الفواكه والخضار
zab-0117-r01,الفواكه والخضار
ses-0032-r01,أغذية متنوعة
zab-0118-r01,الفواكه والخضار
oou-on-0283-r01,الفواكه والخضار
ses-0033-r01,أغذية متنوعة
zab-0119-r01,الفواكه والخضار
zab-0120-r01,الفواكه والخضار
ses-0034-r01,أغذية متنوعة
zab-0123-r01,الفواكه والخضار
zab-0122-r01,الفواكه والخضار
zab-0121-r01,الفواكه والخضار
zab-0125-r01,الفواكه والخضار
zab-0124-r01,الفواكه والخضار
cor-0103-r01,الحبوب والبقوليات
zab-0128-r01,الفواكه والخضار
zab-0127-r01,الفواكه والخضار
zab-0126-r01,الفواكه والخضار
zab-0129-r01,الفواكه والخضار
oou-on-0290-r01,الفواكه والخضار
sal-0181-r01,الفواكه والخضار
oau-fi-0029-r01,الفواكه والخضار
ses-0037-r01,أغذية متنوعة
ses-0036-r01,أغذية متنوعة
uu-pe-0542-r01,الفواكه والخضار
oou-on-0297-r01,الفواكه والخضار
zab-0137-r01,الفواكه والخضار
zab-0136-r01,الفواكه والخضار
zab-0135-r01,الفواكه والخضار
zab-0134-r01,الفواكه والخضار
zab-0133-r01,الفواكه والخضار
zab-0132-r01,الفواكه والخضار
zab-0131-r01,الفواكه والخضار
zab-0130-r01,الفواكه والخضار
pis-0070-r01,الحلويات والشوكولاتة
al-0110-r01,الحلويات والشوكولاتة
zab-0138-r01,الفواكه والخضار
zab-0139-r01,الفواكه والخضار
zab-0140-r01,الفواكه والخضار
puree-0016-r01,الحبوب والبقوليات
zab-0141-r01,الفواكه والخضار
zab-0142-r01,الفواكه والخضار
zab-0143-r01,الفواكه والخضار
cer-0025-r01,الحبوب والبقوليات
ses-0039-r01,أغذية متنوعة
puree-0017-r01,الحبوب والبقوليات
ses-0040-r01,أغذية متنوعة
lup-0050-r01,الحلويات والشوكولاتة
zab-0145-r01,الفواكه والخضار
zab-0147-r01,الفواكه والخضار
al-0113-r01,الحلويات والشوكولاتة
oau-fi-0030-r01,الفواكه والخضار
hs-0139-r01,البهارات والصوصات
1-2149-r01,الحبوب والبقوليات
lup-0052-r01,الحلويات والشوكولاتة
zab-0148-r01,الفواكه والخضار
zab-0149-r01,الفواكه والخضار
zab-0150-r01,الفواكه والخضار
zab-0151-r01,الفواكه والخضار
zab-0152-r01,الفواكه والخضار
ses-0041-r01,أغذية متنوعة
uu-pe-0575-r01,الفواكه والخضار
zab-0153-r01,الفواكه والخضار
zab-0154-r01,الفواكه والخضار
zab-0155-r01,الفواكه والخضار
zab-0156-r01,الفواكه والخضار
ses-0042-r01,أغذية متنوعة
puree-0018-r01,الحبوب والبقوليات
zab-0157-r01,الفواكه والخضار
zab-0160-r01,الفواكه والخضار
zab-0161-r01,الفواكه والخضار
zab-0162-r01,الفواكه والخضار
zab-0168-r01,الفواكه والخضار
zab-0167-r01,الفواكه والخضار
zab-0166-r01,الفواكه والخضار
zab-0165-r01,الفواكه والخضار
zab-0164-r01,الفواكه والخضار
zab-0163-r01,الفواكه والخضار
lup-0053-r01,الحلويات والشوكولاتة
1-2169-r01,الحبوب والبقوليات
1-2168-r01,الحبوب والبقوليات
puree-0019-r01,الحبوب والبقوليات
car-0057-r01,البهارات والصوصات
zab-0175-r01,الفواكه والخضار
zab-0174-r01,الفواكه والخضار
zab-0173-r01,الفواكه والخضار
zab-0172-r01,الفواكه والخضار
zab-0171-r01,الفواكه والخضار
zab-0170-r01,الفواكه والخضار
zab-0169-r01,الفواكه والخضار
ses-0043-r01,أغذية متنوعة
lup-0055-r01,الحلويات والشوكولاتة
zab-0176-r01,الفواكه والخضار
zab-0177-r01,الفواكه والخضار
zab-0178-r01,الفواكه والخضار
zab-0179-r01,الفواكه والخضار
zab-0180-r01,الفواكه والخضار
zab-0181-r01,الفواكه والخضار
zab-0182-r01,الفواكه والخضار
zab-0183-r01,الفواكه والخضار
zab-0184-r01,الفواكه والخضار
ses-0044-r01,أغذية متنوعة
puree-0020-r01,الحبوب والبقوليات
sal-0275-r01,الفواكه والخضار
sal-0284-r01,الفواكه والخضار
zab-0188-r01,الفواكه والخضار
zab-0187-r01,الفواكه والخضار
zab-0186-r01,الفواكه والخضار
ses-0045-r01,أغذية متنوعة
zab-0185-r01,الفواكه والخضار
ses-0046-r01,أغذية متنوعة
zab-0189-r01,الفواكه والخضار
zab-0190-r01,الفواكه والخضار
sal-0317-r01,الفواكه والخضار
zab-0191-r01,الفواكه والخضار
zab-0192-r01,الفواكه والخضار
zab-0193-r01,الفواكه والخضار
ses-0048-r01,أغذية متنوعة
ses-0049-r01,أغذية متنوعة
zab-0194-r01,الفواكه والخضار
ses-0053-r01,أغذية متنوعة
zab-0207-r01,الفواكه والخضار
zab-0206-r01,الفواكه والخضار
zab-0205-r01,الفواكه والخضار
zab-0204-r01,الفواكه والخضار
zab-0203-r01,الفواكه والخضار
zab-0202-r01,الفواكه والخضار
zab-0201-r01,الفواكه والخضار
zab-0200-r01,الفواكه والخضار
zab-0199-r01,الفواكه والخضار
ses-0052-r01,أغذية متنوعة
ses-0051-r01,أغذية متنوعة
puree-0023-r01,الحبوب والبقوليات
puree-0022-r01,الحبوب والبقوليات
zab-0198-r01,الفواكه والخضار
zab-0197-r01,الفواكه والخضار
zab-0196-r01,الفواكه والخضار
zab-0195-r01,الفواكه والخضار
ses-0054-r01,أغذية متنوعة
zab-0208-r01,الفواكه والخضار
ses-0056-r01,أغذية متنوعة
ses-0055-r01,أغذية متنوعة
puree-0025-r01,الحبوب والبقوليات
zab-0211-r01,الفواكه والخضار
ses-0058-r01,أغذية متنوعة
ses-0057-r01,أغذية متنوعة
zab-0210-r01,الفواكه والخضار
zab-0209-r01,الفواكه والخضار
puree-0028-r01,الحبوب والبقوليات
lup-0065-r01,الحلويات والشوكولاتة
zab-0216-r01,الفواكه والخضار
zab-0215-r01,الفواكه والخضار
zab-0214-r01,الفواكه والخضار
zab-0213-r01,الفواكه والخضار
zab-0212-r01,الفواكه والخضار
zab-0217-r01,الفواكه والخضار
zab-0218-r01,الفواكه والخضار
fr-0050-r01,الفواكه والخضار
fr-0051-r01,الفواكه والخضار
ses-0059-r01,أغذية متنوعة
zab-0219-r01,الفواكه والخضار
zab-0220-r01,الفواكه والخضار
al-0141-r01,الحلويات والشوكولاتة
al-0142-r01,الحلويات والشوكولاتة
1-2303-r01,الحبوب والبقوليات
ses-0060-r01,أغذية متنوعة
al-0143-r01,الحلويات والشوكولاتة
al-0144-r01,الحلويات والشوكولاتة
al-0145-r01,الحلويات والشوكولاتة
pis-0086-r01,الحلويات والشوكولاتة
pis-0087-r01,الحلويات والشوكولاتة
zab-0221-r01,الفواكه والخضار
ses-0061-r01,أغذية متنوعة
ses-0062-r01,أغذية متنوعة
al-0146-r01,الحلويات والشوكولاتة
pis-0088-r01,الحلويات والشوكولاتة
al-0147-r01,الحلويات والشوكولاتة
pis-0089-r01,الحلويات والشوكولاتة
ses-0063-r01,أغذية متنوعة
al-0148-r01,الحلويات والشوكولاتة
zab-0222-r01,الفواكه والخضار
zab-0223-r01,الفواكه والخضار
sau-0548-r01,البهارات والصوصات
uu-pe-0660-r01,الفواكه والخضار
al-0149-r01,الحلويات والشوكولاتة
lup-0066-r01,الحلويات والشوكولاتة
puree-0032-r01,الحبوب والبقوليات
sal-0401-r01,الفواكه والخضار
sal-0404-r01,الفواكه والخضار
zab-0224-r01,الفواكه والخضار
al-0150-r01,الحلويات والشوكولاتة
zab-0225-r01,الفواكه والخضار
pis-0090-r01,الحلويات والشوكولاتة
ses-0064-r01,أغذية متنوعة
cor-0133-r01,الحبوب والبقوليات
zab-0226-r01,الفواكه والخضار
zab-0227-r01,الفواكه والخضار
zab-0228-r01,الفواكه والخضار
zab-0229-r01,الفواكه والخضار
1-2339-r01,الحلويات والشوكولاتة
al-0151-r01,الحلويات والشوكولاتة
pis-0091-r01,الحلويات والشوكولاتة
al-0152-r01,الحلويات والشوكولاتة
pis-0092-r01,الحلويات والشوكولاتة
oou-on-0356-r01,الفواكه والخضار
al-0153-r01,الحلويات والشوكولاتة
pis-0093-r01,الحلويات والشوكولاتة
ses-0065-r01,أغذية متنوعة
puree-0033-r01,الحبوب والبقوليات
1-2344-r01,الحلويات والشوكولاتة
al-0154-r01,الحلويات والشوكولاتة
ses-0066-r01,أغذية متنوعة
pis-0094-r01,الحلويات والشوكولاتة
al-0155-r01,الحلويات والشوكولاتة
uu-pe-0665-r01,الفواكه والخضار
zab-0230-r01,الفواكه والخضار
zab-0231-r01,الفواكه والخضار
sal-0423-r01,الفواكه والخضار
ses-0067-r01,أغذية متنوعة
pis-0095-r01,الحلويات والشوكولاتة
zab-0232-r01,الفواكه والخضار
zab-0233-r01,الفواكه والخضار
zab-0234-r01,الفواكه والخضار
al-0156-r01,الحلويات والشوكولاتة
pis-0096-r01,الحلويات والشوكولاتة
ses-0068-r01,أغذية متنوعة
sal-0433-r01,الفواكه والخضار
ses-0069-r01,أغذية متنوعة
zab-0235-r01,الفواكه والخضار
zab-0236-r01,الفواكه والخضار
al-0157-r01,الحلويات والشوكولاتة
1-2357-r01,الحلويات والشوكولاتة
pis-0097-r01,الحلويات والشوكولاتة
uu-pe-0669-r01,الفواكه والخضار
sal-0448-r01,الفواكه والخضار
lup-0069-r01,الحلويات والشوكولاتة
ses-0070-r01,أغذية متنوعة
zab-0237-r01,الفواكه والخضار
zab-0238-r01,الفواكه والخضار
zab-0239-r01,الفواكه والخضار
zab-0240-r01,الفواكه والخضار
pis-0098-r01,الحلويات والشوكولاتة
al-0158-r01,الحلويات والشوكولاتة
al-0159-r01,الحلويات والشوكولاتة
pis-0099-r01,الحلويات والشوكولاتة
zab-0241-r01,الفواكه والخضار
zab-0242-r01,الفواكه والخضار
zab-0243-r01,الفواكه والخضار
zab-0245-r01,الفواكه والخضار
zab-0246-r01,الفواكه والخضار
zab-0247-r01,الفواكه والخضار
al-0161-r01,الحلويات والشوكولاتة
al-0162-r01,الحلويات والشوكولاتة
pis-0100-r01,الحلويات والشوكولاتة
pis-0101-r01,الحلويات والشوكولاتة
sal-0483-r01,الفواكه والخضار
zab-0248-r01,الفواكه والخضار
lup-0070-r01,الحلويات والشوكولاتة
sal-0489-r01,الفواكه والخضار
al-0163-r01,الحلويات والشوكولاتة
al-0164-r01,الحلويات والشوكولاتة
1-2375-r01,الحلويات والشوكولاتة
pis-0102-r01,الحلويات والشوكولاتة
pis-0103-r01,الحلويات والشوكولاتة
zab-0249-r01,الفواكه والخضار
zab-0250-r01,الفواكه والخضار
ses-0072-r01,أغذية متنوعة
sal-0511-r01,الفواكه والخضار
sal-0514-r01,الفواكه والخضار
zab-0251-r01,الفواكه والخضار
pis-0104-r01,الحلويات والشوكولاتة
1-2380-r01,الحلويات والشوكولاتة
zab-0252-r01,الفواكه والخضار
al-0165-r01,الحلويات والشوكولاتة
ses-0073-r01,أغذية متنوعة
ses-0074-r01,أغذية متنوعة
1-2385-r01,الحلويات والشوكولاتة
al-0166-r01,الحلويات والشوكولاتة
pis-0105-r01,الحلويات والشوكولاتة
lup-0072-r01,الحلويات والشوكولاتة
zab-0253-r01,الفواكه والخضار
zab-0254-r01,الفواكه والخضار
zab-0255-r01,الفواكه والخضار
zab-0256-r01,الفواكه والخضار
zab-0257-r01,الفواكه والخضار
zab-0258-r01,الفواكه والخضار
zab-0259-r01,الفواكه والخضار
zab-0260-r01,الفواكه والخضار
zab-0261-r01,الفواكه والخضار
ses-0075-r01,أغذية متنوعة
sal-0549-r01,الفواكه والخضار
sal-0551-r01,الفواكه والخضار
al-0170-r01,الحلويات والشوكولاتة
pis-0108-r01,الحلويات والشوكولاتة
zab-0262-r01,الفواكه والخضار
zab-0263-r01,الفواكه والخضار
al-0171-r01,الحلويات والشوكولاتة
zab-0264-r01,الفواكه والخضار
zab-0265-r01,الفواكه والخضار
zab-0266-r01,الفواكه والخضار
zab-0267-r01,الفواكه والخضار
zab-0268-r01,الفواكه والخضار
zab-0269-r01,الفواكه والخضار
al-0172-r01,الحلويات والشوكولاتة
ses-0076-r01,أغذية متنوعة
ses-0077-r01,أغذية متنوعة
zab-0270-r01,الفواكه والخضار
zab-0272-r01,الفواكه والخضار
sal-0566-r01,الفواكه والخضار
sal-0568-r01,الفواكه والخضار
sal-0579-r01,الفواكه والخضار
oou-on-0368-r01,الفواكه والخضار
lup-0075-r01,الحلويات والشوكولاتة
zab-0273-r01,الفواكه والخضار
zab-0274-r01,الفواكه والخضار
sal-0582-r01,الفواكه والخضار
sal-0586-r01,الفواكه والخضار
sal-0588-r01,الفواكه والخضار
sal-0595-r01,الفواكه والخضار
sal-0599-r01,الفواكه والخضار
sal-0604-r01,الفواكه والخضار
sal-0605-r01,الفواكه والخضار
oou-on-0372-r01,الفواكه والخضار
pis-0112-r01,الحلويات والشوكولاتة
al-0174-r01,الحلويات والشوكولاتة
1-2415-r01,الحلويات والشوكولاتة
zab-0275-r01,الفواكه والخضار
zab-0276-r01,الفواكه والخضار
zab-0277-r01,الفواكه والخضار
1-2416-r01,الحلويات والشوكولاتة
al-0175-r01,الحلويات والشوكولاتة
al-0176-r01,الحلويات والشوكولاتة
pis-0113-r01,الحلويات والشوكولاتة
zab-0278-r01,الفواكه والخضار
zab-0279-r01,الفواكه والخضار
zab-0280-r01,الفواكه والخضار
zab-0281-r01,الفواكه والخضار
zab-0282-r01,الفواكه والخضار
ses-0078-r01,أغذية متنوعة
puree-0036-r01,الحبوب والبقوليات
sal-0619-r01,الفواكه والخضار
al-0178-r01,الحلويات والشوكولاتة
pis-0114-r01,الحلويات والشوكولاتة
al-0179-r01,الحلويات والشوكولاتة
pis-0115-r01,الحلويات والشوكولاتة
zab-0283-r01,الفواكه والخضار
zab-0284-r01,الفواكه والخضار
zab-0285-r01,الفواكه والخضار
zab-0286-r01,الفواكه والخضار
zab-0287-r01,الفواكه والخضار
1-2420-r01,الحلويات والشوكولاتة
pis-0116-r01,الحلويات والشوكولاتة
al-0182-r01,الحلويات والشوكولاتة
ses-0079-r01,أغذية متنوعة
zab-0288-r01,الفواكه والخضار
zab-0289-r01,الفواكه والخضار
sal-0624-r01,الفواكه والخضار
oau-fi-0033-r01,الفواكه والخضار
uo-ap-0017-r01,الفواكه والخضار
zab-0290-r01,الفواكه والخضار
zab-0291-r01,الفواكه والخضار
zab-0292-r01,الفواكه والخضار
pis-0117-r01,الحلويات والشوكولاتة
ses-0081-r01,أغذية متنوعة
zab-0293-r01,الفواكه والخضار
zab-0294-r01,الفواكه والخضار
zab-0295-r01,الفواكه والخضار
pis-0118-r01,الحلويات والشوكولاتة
sal-0635-r01,الفواكه والخضار
zab-0296-r01,الفواكه والخضار
zab-0297-r01,الفواكه والخضار
cer-0026-r01,الحبوب والبقوليات
pis-0119-r01,الحلويات والشوكولاتة
al-0186-r01,الحلويات والشوكولاتة
al-0187-r01,الحلويات والشوكولاتة
zab-0298-r01,الفواكه والخضار
zab-0299-r01,الفواكه والخضار
sal-0653-r01,الفواكه والخضار
sal-0654-r01,الفواكه والخضار
pis-0120-r01,الحلويات والشوكولاتة
al-0188-r01,الحلويات والشوكولاتة
zab-0300-r01,الفواكه والخضار
zab-0301-r01,الفواكه والخضار
ses-0082-r01,أغذية متنوعة
sal-0661-r01,الفواكه والخضار
ses-0083-r01,أغذية متنوعة
1-2433-r01,الحلويات والشوكولاتة
pis-0121-r01,الحلويات والشوكولاتة
al-0189-r01,الحلويات والشوكولاتة
zab-0302-r01,الفواكه والخضار
zab-0303-r01,الفواكه والخضار
zab-0304-r01,الفواكه والخضار
zab-0305-r01,الفواكه والخضار
al-0190-r01,الحلويات والشوكولاتة
al-0191-r01,الحلويات والشوكولاتة
pis-0122-r01,الحلويات والشوكولاتة
pis-0123-r01,الحلويات والشوكولاتة
1-2434-r01,الحلويات والشوكولاتة
puree-0037-r01,الحبوب والبقوليات
pis-0124-r01,الحلويات والشوكولاتة
al-0192-r01,الحلويات والشوكولاتة
al-0193-r01,الحلويات والشوكولاتة
zab-0306-r01,الفواكه والخضار
1-2440-r01,الحلويات والشوكولاتة
zab-0307-r01,الفواكه والخضار
zab-0308-r01,الفواكه والخضار
ses-0084-r01,أغذية متنوعة
zab-0309-r01,الفواكه والخضار
zab-0310-r01,الفواكه والخضار
zab-0311-r01,الفواكه والخضار
al-0194-r01,الحلويات والشوكولاتة
al-0195-r01,الحلويات والشوكولاتة
al-0196-r01,الحلويات والشوكولاتة
pis-0125-r01,الحلويات والشوكولاتة
1-2442-r01,الحلويات والشوكولاتة
ses-0085-r01,أغذية متنوعة
sal-0668-r01,الفواكه والخضار
oou-on-0378-r01,الفواكه والخضار
lup-0078-r01,الحلويات والشوكولاتة
zab-0312-r01,الفواكه والخضار
sal-0677-r01,الفواكه والخضار
sal-0678-r01,الفواكه والخضار
sal-0676-r01,الفواكه والخضار
al-0197-r01,الحلويات والشوكولاتة
zab-0313-r01,الفواكه والخضار
zab-0314-r01,الفواكه والخضار
al-0198-r01,الحلويات والشوكولاتة
zab-0315-r01,الفواكه والخضار
zab-0316-r01,الفواكه والخضار
sal-0686-r01,الفواكه والخضار
zab-0317-r01,الفواكه والخضار
pis-0128-r01,الحلويات والشوكولاتة
pis-0130-r01,الحلويات والشوكولاتة
pis-0129-r01,الحلويات والشوكولاتة
sal-0695-r01,الفواكه والخضار
zab-0318-r01,الفواكه والخضار
zab-0319-r01,الفواكه والخضار
zab-0320-r01,الفواكه والخضار
sal-0711-r01,الفواكه والخضار
sal-0714-r01,الفواكه والخضار
zab-0321-r01,الفواكه والخضار
zab-0322-r01,الفواكه والخضار
zab-0323-r01,الفواكه والخضار
ses-0086-r01,أغذية متنوعة
zab-0326-r01,الفواكه والخضار
zab-0327-r01,الفواكه والخضار
zab-0328-r01,الفواكه والخضار
zab-0329-r01,الفواكه والخضار
zab-0330-r01,الفواكه والخضار
al-0205-r01,الحلويات والشوكولاتة
1-2474-r01,الحلويات والشوكولاتة
ses-0089-r01,أغذية متنوعة
sal-0726-r01,الفواكه والخضار
sal-0728-r01,الفواكه والخضار
sal-0736-r01,الفواكه والخضار
ses-0090-r01,أغذية متنوعة
pis-0134-r01,الحلويات والشوكولاتة
al-0206-r01,الحلويات والشوكولاتة
zab-0331-r01,الفواكه والخضار
zab-0332-r01,الفواكه والخضار
zab-0333-r01,الفواكه والخضار
sal-0743-r01,الفواكه والخضار
al-0207-r01,الحلويات والشوكولاتة
zab-0334-r01,الفواكه والخضار
zab-0335-r01,الفواكه والخضار
ses-0091-r01,أغذية متنوعة
zab-0336-r01,الفواكه والخضار
pis-0135-r01,الحلويات والشوكولاتة
hs-0225-r01,البهارات والصوصات
sal-0753-r01,الفواكه والخضار
zab-0337-r01,الفواكه والخضار
zab-0338-r01,الفواكه والخضار
pis-0136-r01,الحلويات والشوكولاتة
sal-0756-r01,الفواكه والخضار
sal-0758-r01,الفواكه والخضار
sal-0766-r01,الفواكه والخضار
sal-0771-r01,الفواكه والخضار
al-0209-r01,الحلويات والشوكولاتة
pis-0137-r01,الحلويات والشوكولاتة
sal-0778-r01,الفواكه والخضار
sal-0788-r01,الفواكه والخضار
sal-0789-r01,الفواكه والخضار
zab-0339-r01,الفواكه والخضار
zab-0340-r01,الفواكه والخضار
sal-0797-r01,الفواكه والخضار
ses-0093-r01,أغذية متنوعة
ses-0094-r01,أغذية متنوعة
sal-0803-r01,الفواكه والخضار
sal-0805-r01,الفواكه والخضار
ses-0095-r01,أغذية متنوعة
zab-0341-r01,الفواكه والخضار
zab-0342-r01,الفواكه والخضار
zab-0343-r01,الفواكه والخضار
zab-0344-r01,الفواكه والخضار
zab-0345-r01,الفواكه والخضار
zab-0346-r01,الفواكه والخضار
zab-0347-r01,الفواكه والخضار
sal-0818-r01,الفواكه والخضار
zab-0348-r01,الفواكه والخضار
zab-0349-r01,الفواكه والخضار
zab-0350-r01,الفواكه والخضار
ses-0097-r01,أغذية متنوعة
sal-0825-r01,الفواكه والخضار
lup-0085-r01,الحلويات والشوكولاتة
zab-0351-r01,الفواكه والخضار
zab-0352-r01,الفواكه والخضار
ses-0098-r01,أغذية متنوعة
sal-0834-r01,الفواكه والخضار
zab-0353-r01,الفواكه والخضار
sal-0837-r01,الفواكه والخضار
sal-0840-r01,الفواكه والخضار
zab-0354-r01,الفواكه والخضار
zab-0355-r01,الفواكه والخضار
uo-ap-0018-r01,الفواكه والخضار
zab-0356-r01,الفواكه والخضار
zab-0357-r01,الفواكه والخضار
zab-0358-r01,الفواكه والخضار
lup-0087-r01,الحلويات والشوكولاتة
zab-0359-r01,الفواكه والخضار
zab-0360-r01,الفواكه والخضار
ses-0104-r01,أغذية متنوعة
zab-0361-r01,الفواكه والخضار
zab-0362-r01,الفواكه والخضار
zab-0363-r01,الفواكه والخضار
zab-0364-r01,الفواكه والخضار
sal-0855-r01,الفواكه والخضار
al-0224-r01,الحلويات والشوكولاتة
1-2540-r01,الحلويات والشوكولاتة
pis-0149-r01,الحلويات والشوكولاتة
zab-0365-r01,الفواكه والخضار
zab-0366-r01,الفواكه والخضار
zab-0367-r01,الفواكه والخضار
zab-0368-r01,الفواكه والخضار
ses-0106-r01,أغذية متنوعة
cor-0171-r01,الحبوب والبقوليات
al-0225-r01,الحلويات والشوكولاتة
zab-0371-r01,الفواكه والخضار
zab-0370-r01,الفواكه والخضار
zab-0369-r01,الفواكه والخضار
sal-0862-r01,الفواكه والخضار
zab-0372-r01,الفواكه والخضار
zab-0373-r01,الفواكه والخضار
ses-0107-r01,أغذية متنوعة
zab-0374-r01,الفواكه والخضار
lup-0093-r01,الحلويات والشوكولاتة
ses-0108-r01,أغذية متنوعة
zab-0375-r01,الفواكه والخضار
zab-0376-r01,الفواكه والخضار
zab-0377-r01,الفواكه والخضار
len-0345-r01,الحبوب والبقوليات
ses-0109-r01,أغذية متنوعة
zab-0380-r01,الفواكه والخضار
zab-0379-r01,الفواكه والخضار
zab-0378-r01,الفواكه والخضار
zab-0381-r01,الفواكه والخضار
ses-0110-r01,أغذية متنوعة
pis-0155-r01,الحلويات والشوكولاتة
lup-0096-r01,الحلويات والشوكولاتة
ses-0111-r01,أغذية متنوعة
zab-0382-r01,الفواكه والخضار
coff-0474-r01,الحبوب والبقوليات
coff-0475-r01,الحبوب والبقوليات
ses-0112-r01,أغذية متنوعة
puree-0038-r01,الحبوب والبقوليات
puree-0039-r01,الحبوب والبقوليات
ses-0113-r01,أغذية متنوعة
zab-0383-r01,الفواكه والخضار
zab-0384-r01,الفواكه والخضار
zab-0385-r01,الفواكه والخضار
puree-0040-r01,الحبوب والبقوليات
ses-0114-r01,أغذية متنوعة
zab-0386-r01,الفواكه والخضار
zab-0387-r01,الفواكه والخضار
zab-0388-r01,الفواكه والخضار
sal-0919-r01,الفواكه والخضار
ses-0115-r01,أغذية متنوعة
ses-0116-r01,أغذية متنوعة
salt-0002-r01,البهارات والصوصات
sal-0935-r01,الفواكه والخضار
bu-0016-r01,الحبوب والبقوليات
coff-0511-r01,الحبوب والبقوليات
zab-0389-r01,الفواكه والخضار
zab-0390-r01,الفواكه والخضار
ses-0117-r01,البهارات والصوصات
ses-0118-r01,أغذية متنوعة
zab-0391-r01,الفواكه والخضار
zab-0392-r01,الفواكه والخضار
puree-0042-r01,الحبوب والبقوليات
ses-0119-r01,أغذية متنوعة
puree-0043-r01,الحبوب والبقوليات
ses-0120-r01,أغذية متنوعة
zab-0393-r01,الفواكه والخضار
zab-0394-r01,الفواكه والخضار
zab-0395-r01,الفواكه والخضار
zab-0396-r01,الفواكه والخضار
zab-0397-r01,الفواكه والخضار
zab-0398-r01,الفواكه والخضار
zab-0399-r01,الفواكه والخضار
sal-0946-r01,الفواكه والخضار
ses-0121-r01,البهارات والصوصات
ses-0122-r01,أغذية متنوعة
ses-0123-r01,أغذية متنوعة
cho-0078-r01,الحلويات والشوكولاتة
zab-0408-r01,الفواكه والخضار
zab-0409-r01,الفواكه والخضار
ses-0124-r01,أغذية متنوعة
zab-0410-r01,الفواكه والخضار
zab-0411-r01,الفواكه والخضار
zab-0412-r01,الفواكه والخضار
zab-0413-r01,الفواكه والخضار
lup-0119-r01,الحلويات والشوكولاتة
zab-0416-r01,الفواكه والخضار
cer-0045-r01,البهارات والصوصات
uo-ap-0019-r01,الفواكه والخضار
cer-0046-r01,البهارات والصوصات
uu-le-0379-r01,الفواكه والخضار
zab-0417-r01,الفواكه والخضار
zab-0418-r01,الفواكه والخضار
oo-oss-po-0323-r01,الفواكه والخضار
zab-0419-r01,الفواكه والخضار
zab-0420-r01,الفواكه والخضار
zab-0421-r01,الفواكه والخضار
zab-0422-r01,الفواكه والخضار
zab-0423-r01,الفواكه والخضار
zab-0424-r01,الفواكه والخضار
ses-0126-r01,أغذية متنوعة
zab-0425-r01,الفواكه والخضار
zab-0426-r01,الفواكه والخضار
oau-da-1126-r01,الفواكه والخضار
al-0270-r01,الحلويات والشوكولاتة
sal-1037-r01,الفواكه والخضار
sal-1038-r01,الفواكه والخضار
ses-0129-r01,أغذية متنوعة
ses-0132-r01,أغذية متنوعة
ses-0133-r01,البهارات والصوصات
pis-0187-r01,الحلويات والشوكولاتة
al-0274-r01,الحلويات والشوكولاتة
oou-on-0440-r01,الفواكه والخضار
uu-pe-1007-r01,الفواكه والخضار
oou-on-0441-r01,الفواكه والخضار
ses-0138-r01,البهارات والصوصات
ses-0140-r01,أغذية متنوعة
ses-0141-r01,البهارات والصوصات
ses-0144-r01,أغذية متنوعة
zab-0467-r01,الفواكه والخضار
zab-0466-r01,الفواكه والخضار
zab-0469-r01,الفواكه والخضار
ses-0156-r01,أغذية متنوعة
ses-0159-r01,أغذية متنوعة
ses-0163-r01,أغذية متنوعة
ses-0166-r01,أغذية متنوعة
ses-0167-r01,البهارات والصوصات
ses-0170-r01,أغذية متنوعة
ses-0171-r01,أغذية متنوعة
milk-0028-r01,الحليب ومنتجات الألبان
milk-0029-r01,الحليب ومنتجات الألبان
milk-0030-r01,الحليب ومنتجات الألبان
milk-0031-r01,الحليب ومنتجات الألبان
milk-0032-r01,الحليب ومنتجات الألبان
milk-0033-r01,الحليب ومنتجات الألبان
milk-0034-r01,الحليب ومنتجات الألبان
milk-0035-r01,الحليب ومنتجات الألبان
milk-0036-r01,الحليب ومنتجات الألبان
milk-0037-r01,الحليب ومنتجات الألبان
cer-0060-r01,البهارات والصوصات
ses-0182-r01,أغذية متنوعة
uu-pe-1237-r01,الفواكه والخضار
uu-pe-1239-r01,الفواكه والخضار
ses-0184-r01,أغذية متنوعة
ses-0185-r01,أغذية متنوعة
1-3079-r01,الحلويات والشوكولاتة
al-0319-r01,الحلويات والشوكولاتة
pis-0219-r01,الحلويات والشوكولاتة
uu-pe-1245-r01,الفواكه والخضار
uu-pe-1246-r01,الفواكه والخضار
ses-0186-r01,أغذية متنوعة
1-3083-r01,الحلويات والشوكولاتة
al-0320-r01,الحلويات والشوكولاتة
1-3094-r01,الحلويات والشوكولاتة
pis-0220-r01,الحلويات والشوكولاتة
uu-pe-1253-r01,الفواكه والخضار
uu-pe-1254-r01,الفواكه والخضار
uu-pe-1259-r01,الفواكه والخضار
uu-pe-1260-r01,الفواكه والخضار
uu-pe-1266-r01,الفواكه والخضار
uu-pe-1265-r01,الفواكه والخضار
cer-0065-r01,البهارات والصوصات
1-3103-r01,الحلويات والشوكولاتة
pis-0221-r01,الحلويات والشوكولاتة
al-0321-r01,الحلويات والشوكولاتة
uu-pe-1271-r01,الفواكه والخضار
uu-pe-1272-r01,الفواكه والخضار
uu-pe-1279-r01,الفواكه والخضار
uu-pe-1280-r01,الفواكه والخضار
cer-0067-r01,البهارات والصوصات
ses-0187-r01,أغذية متنوعة
1-3109-r01,الحلويات والشوكولاتة
al-0322-r01,الحلويات والشوكولاتة
pis-0222-r01,الحلويات والشوكولاتة
pis-0223-r01,الحلويات والشوكولاتة
al-0323-r01,الحلويات والشوكولاتة
1-3114-r01,الحلويات والشوكولاتة
lup-0178-r01,الحلويات والشوكولاتة
uu-pe-1282-r01,الفواكه والخضار
uu-pe-1283-r01,الفواكه والخضار
cer-0068-r01,البهارات والصوصات
al-0324-r01,الحلويات والشوكولاتة
1-3121-r01,الحلويات والشوكولاتة
pis-0224-r01,الحلويات والشوكولاتة
pis-0225-r01,الحلويات والشوكولاتة
1-3122-r01,الحلويات والشوكولاتة
uu-pe-1293-r01,الفواكه والخضار
uu-pe-1294-r01,الفواكه والخضار
lup-0181-r01,الحلويات والشوكولاتة
al-0325-r01,الحلويات والشوكولاتة
pis-0226-r01,الحلويات والشوكولاتة
1-3134-r01,الحلويات والشوكولاتة
ses-0188-r01,أغذية متنوعة
ses-0189-r01,أغذية متنوعة
uu-pe-1298-r01,الفواكه والخضار
uu-pe-1301-r01,الفواكه والخضار
cer-0069-r01,البهارات والصوصات
uu-pe-1306-r01,الفواكه والخضار
uu-pe-1307-r01,الفواكه والخضار
al-0326-r01,الحلويات والشوكولاتة
1-3138-r01,الحلويات والشوكولاتة
pis-0227-r01,الحلويات والشوكولاتة
uu-pe-1310-r01,الفواكه والخضار
ses-0190-r01,أغذية متنوعة
zab-0528-r01,الفواكه والخضار
zab-0529-r01,الفواكه والخضار
uu-pe-1313-r01,الفواكه والخضار
uu-pe-1316-r01,الفواكه والخضار
zab-0530-r01,الفواكه والخضار
lup-0184-r01,الحلويات والشوكولاتة
1-3176-r01,الحلويات والشوكولاتة
al-0327-r01,الحلويات والشوكولاتة
zab-0531-r01,الفواكه والخضار
ses-0191-r01,أغذية متنوعة
zab-0532-r01,الفواكه والخضار
lup-0185-r01,الحلويات والشوكولاتة
uu-pe-1321-r01,الفواكه والخضار
uu-pe-1322-r01,الفواكه والخضار
al-0328-r01,الحلويات والشوكولاتة
pis-0228-r01,الحلويات والشوكولاتة
ses-0192-r01,البهارات والصوصات
pis-0229-r01,الحلويات والشوكولاتة
al-0329-r01,الحلويات والشوكولاتة
ses-0193-r01,أغذية متنوعة
ses-0194-r01,أغذية متنوعة
ses-0195-r01,البهارات والصوصات
uu-pe-1329-r01,الفواكه والخضار
uu-pe-1330-r01,الفواكه والخضار
1-3202-r01,الحلويات والشوكولاتة
al-0330-r01,الحلويات والشوكولاتة
pis-0230-r01,الحلويات والشوكولاتة
uu-pe-1332-r01,الفواكه والخضار
uu-pe-1333-r01,الفواكه والخضار
al-0331-r01,الحلويات والشوكولاتة
pis-0231-r01,الحلويات والشوكولاتة
1-3206-r01,الحلويات والشوكولاتة
ses-0196-r01,أغذية متنوعة
ses-0197-r01,أغذية متنوعة
ses-0198-r01,البهارات والصوصات
ses-0202-r01,أغذية متنوعة
ses-0203-r01,أغذية متنوعة
ses-0204-r01,البهارات والصوصات
uu-pe-1340-r01,الفواكه والخضار
uu-pe-1341-r01,الفواكه والخضار
lup-0188-r01,الحلويات والشوكولاتة
ses-0205-r01,البهارات والصوصات
uu-pe-1349-r01,الفواكه والخضار
al-0333-r01,الحلويات والشوكولاتة
pis-0233-r01,الحلويات والشوكولاتة
1-3222-r01,الحلويات والشوكولاتة
uu-pe-1354-r01,الفواكه والخضار
uu-pe-1355-r01,الفواكه والخضار
al-0334-r01,الحلويات والشوكولاتة
pis-0234-r01,الحلويات والشوكولاتة
1-3224-r01,الحلويات والشوكولاتة
zab-0533-r01,الفواكه والخضار
zab-0534-r01,الفواكه والخضار
zab-0535-r01,الفواكه والخضار
al-0335-r01,الحلويات والشوكولاتة
pis-0235-r01,الحلويات والشوكولاتة
1-3227-r01,الحلويات والشوكولاتة
ses-0206-r01,أغذية متنوعة
uu-pe-1364-r01,الفواكه والخضار
uu-pe-1365-r01,الفواكه والخضار
1-3246-r01,الحلويات والشوكولاتة
pis-0237-r01,الحلويات والشوكولاتة
al-0338-r01,الحلويات والشوكولاتة
uu-pe-1358-r01,الفواكه والخضار
uu-pe-1359-r01,الفواكه والخضار
ses-0207-r01,البهارات والصوصات
lup-0192-r01,الحلويات والشوكولاتة
al-0337-r01,الحلويات والشوكولاتة
pis-0236-r01,الحلويات والشوكولاتة
ses-0208-r01,أغذية متنوعة
ses-0209-r01,أغذية متنوعة
uu-pe-1369-r01,الفواكه والخضار
uu-pe-1370-r01,الفواكه والخضار
1-3250-r01,الحلويات والشوكولاتة
al-0339-r01,الحلويات والشوكولاتة
pis-0238-r01,الحلويات والشوكولاتة
pis-0239-r01,الحلويات والشوكولاتة
al-0340-r01,الحلويات والشوكولاتة
1-3269-r01,الحلويات والشوكولاتة
pis-0240-r01,الحلويات والشوكولاتة
al-0341-r01,الحلويات والشوكولاتة
1-3277-r01,الحلويات والشوكولاتة
zab-0536-r01,الفواكه والخضار
zab-0537-r01,الفواكه والخضار
uu-pe-1374-r01,الفواكه والخضار
ses-0210-r01,البهارات والصوصات
ses-0211-r01,أغذية متنوعة
ses-0212-r01,أغذية متنوعة
ses-0213-r01,البهارات والصوصات
uu-pe-1379-r01,الفواكه والخضار
ses-0214-r01,أغذية متنوعة
ses-0215-r01,أغذية متنوعة
al-0342-r01,الحلويات والشوكولاتة
pis-0241-r01,الحلويات والشوكولاتة
1-3288-r01,الحلويات والشوكولاتة
pis-0242-r01,الحلويات والشوكولاتة
al-0343-r01,الحلويات والشوكولاتة
1-3292-r01,الحلويات والشوكولاتة
uu-pe-1384-r01,الفواكه والخضار
uu-pe-1383-r01,الفواكه والخضار
ses-0218-r01,أغذية متنوعة
ses-0217-r01,أغذية متنوعة
ses-0216-r01,البهارات والصوصات
pis-0243-r01,الحلويات والشوكولاتة
al-0344-r01,الحلويات والشوكولاتة
al-0345-r01,الحلويات والشوكولاتة
al-0346-r01,الحلويات والشوكولاتة
uu-pe-1385-r01,الفواكه والخضار
uu-pe-1389-r01,الفواكه والخضار
1-3309-r01,الحلويات والشوكولاتة
pis-0244-r01,الحلويات والشوكولاتة
al-0347-r01,الحلويات والشوكولاتة
ses-0219-r01,الحلويات والشوكولاتة
1-3353-r01,الحلويات والشوكولاتة
1-3310-r01,الحلويات والشوكولاتة
al-0350-r01,الحلويات والشوكولاتة
pis-0245-r01,الحلويات والشوكولاتة
pis-0246-r01,الحلويات والشوكولاتة
al-0351-r01,الحلويات والشوكولاتة
pis-0247-r01,الحلويات والشوكولاتة
1-3334-r01,الحلويات والشوكولاتة
300-0007-r01,الحلويات والشوكولاتة
1-3335-r01,الحلويات والشوكولاتة
1-3336-r01,الحلويات والشوكولاتة
pis-0248-r01,الحلويات والشوكولاتة
pis-0249-r01,الحلويات والشوكولاتة
al-0352-r01,الحلويات والشوكولاتة
1-3344-r01,الحلويات والشوكولاتة
uu-pe-1395-r01,الفواكه والخضار
uu-pe-1399-r01,الفواكه والخضار
ses-0220-r01,أغذية متنوعة
al-0353-r01,الحلويات والشوكولاتة
pis-0250-r01,الحلويات والشوكولاتة
al-0354-r01,الحلويات والشوكولاتة
uu-pe-1403-r01,الفواكه والخضار
al-0355-r01,الحلويات والشوكولاتة
pis-0251-r01,الحلويات والشوكولاتة
1-3360-r01,الحلويات والشوكولاتة
300-0008-r01,الحلويات والشوكولاتة
uu-pe-1408-r01,الفواكه والخضار
uu-pe-1409-r01,الفواكه والخضار
al-0356-r01,الحلويات والشوكولاتة
al-0357-r01,الحلويات والشوكولاتة
pis-0252-r01,الحلويات والشوكولاتة
1-3366-r01,الحلويات والشوكولاتة
uu-pe-1412-r01,الفواكه والخضار
oou-on-0521-r01,الفواكه والخضار
uu-pe-1417-r01,الفواكه والخضار
uu-pe-1418-r01,الفواكه والخضار
ses-0221-r01,أغذية متنوعة
al-0358-r01,الحلويات والشوكولاتة
pis-0253-r01,الحلويات والشوكولاتة
al-0359-r01,الحلويات والشوكولاتة
ses-0222-r01,البهارات والصوصات
ses-0223-r01,أغذية متنوعة
ses-0224-r01,البهارات والصوصات
al-0360-r01,الحلويات والشوكولاتة
pis-0254-r01,الحلويات والشوكولاتة
al-0361-r01,الحلويات والشوكولاتة
al-0362-r01,الحلويات والشوكولاتة
ses-0225-r01,البهارات والصوصات
uu-pe-1425-r01,الفواكه والخضار
al-0363-r01,الحلويات والشوكولاتة
pis-0255-r01,الحلويات والشوكولاتة
al-0364-r01,الحلويات والشوكولاتة
1-3398-r01,الحلويات والشوكولاتة
pis-0256-r01,الحلويات والشوكولاتة
uu-pe-1428-r01,الفواكه والخضار
al-0368-r01,الحلويات والشوكولاتة
pis-0257-r01,الحلويات والشوكولاتة
al-0365-r01,الحلويات والشوكولاتة
pis-0258-r01,الحلويات والشوكولاتة
ses-0226-r01,أغذية متنوعة
uu-pe-1431-r01,الفواكه والخضار
uu-pe-1432-r01,الفواكه والخضار
uu-pe-1436-r01,الفواكه والخضار
uu-pe-1437-r01,الفواكه والخضار
al-0366-r01,الحلويات والشوكولاتة
1-3413-r01,الحلويات والشوكولاتة
pis-0259-r01,الحلويات والشوكولاتة
lup-0197-r01,الحلويات والشوكولاتة
uu-pe-1442-r01,الفواكه والخضار
al-0367-r01,الحلويات والشوكولاتة
1-3425-r01,الحلويات والشوكولاتة
pis-0260-r01,الحلويات والشوكولاتة
uu-pe-1443-r01,الفواكه والخضار
ses-0227-r01,البهارات والصوصات
ses-0228-r01,أغذية متنوعة
uu-pe-1446-r01,الفواكه والخضار
lup-0199-r01,الحلويات والشوكولاتة
1-3435-r01,الحلويات والشوكولاتة
al-0369-r01,الحلويات والشوكولاتة
uu-pe-1448-r01,الفواكه والخضار
uu-pe-1452-r01,الفواكه والخضار
1-3442-r01,الحلويات والشوكولاتة
ses-0229-r01,البهارات والصوصات
pis-0261-r01,الحلويات والشوكولاتة
uu-pe-1449-r01,الفواكه والخضار
al-0370-r01,الحلويات والشوكولاتة
uu-pe-1457-r01,الفواكه والخضار
al-0371-r01,الحلويات والشوكولاتة
al-0372-r01,الحلويات والشوكولاتة
1-3448-r01,الحلويات والشوكولاتة
uu-pe-1458-r01,الفواكه والخضار
ses-0230-r01,أغذية متنوعة
al-0373-r01,الحلويات والشوكولاتة
1-3449-r01,الحلويات والشوكولاتة
pis-0262-r01,الحلويات والشوكولاتة
uu-pe-1462-r01,الفواكه والخضار
uu-pe-1463-r01,الفواكه والخضار
ses-0231-r01,البهارات والصوصات
uu-pe-1467-r01,الفواكه والخضار
uu-pe-1468-r01,الفواكه والخضار
1-3459-r01,الحلويات والشوكولاتة
al-0374-r01,الحلويات والشوكولاتة
uu-pe-1471-r01,الفواكه والخضار
uu-pe-1470-r01,الفواكه والخضار
ses-0233-r01,أغذية متنوعة
ses-0232-r01,البهارات والصوصات
pis-0263-r01,الحلويات والشوكولاتة
1-3462-r01,الحلويات والشوكولاتة
ses-0234-r01,أغذية متنوعة
uu-pe-1476-r01,الفواكه والخضار
uu-pe-1477-r01,الفواكه والخضار
ses-0235-r01,البهارات والصوصات
al-0375-r01,الحلويات والشوكولاتة
1-3465-r01,الحلويات والشوكولاتة
pis-0264-r01,الحلويات والشوكولاتة
pis-0265-r01,الحلويات والشوكولاتة
1-3479-r01,الحلويات والشوكولاتة
uu-pe-1483-r01,الفواكه والخضار
uu-pe-1482-r01,الفواكه والخضار
ses-0237-r01,البهارات والصوصات
ses-0236-r01,أغذية متنوعة
ses-0238-r01,البهارات والصوصات
lup-0201-r01,الحلويات والشوكولاتة
uu-pe-1487-r01,الفواكه والخضار
uu-pe-1488-r01,الفواكه والخضار
ses-0239-r01,أغذية متنوعة
ses-0240-r01,أغذية متنوعة
ses-0241-r01,أغذية متنوعة
ses-0242-r01,أغذية متنوعة
1-3494-r01,الحلويات والشوكولاتة
pis-0266-r01,الحلويات والشوكولاتة
uu-pe-1496-r01,الفواكه والخضار
ses-0244-r01,أغذية متنوعة
ses-0243-r01,البهارات والصوصات
pis-0267-r01,الحلويات والشوكولاتة
lup-0202-r01,الحلويات والشوكولاتة
car-0292-r01,الحلويات والشوكولاتة
al-0376-r01,الحلويات والشوكولاتة
1-3500-r01,أغذية متنوعة
uu-pe-1498-r01,الفواكه والخضار
uu-pe-1497-r01,الفواكه والخضار
se-0001-r01,أغذية متنوعة
ses-0247-r01,أغذية متنوعة
ses-0246-r01,أغذية متنوعة
ses-0245-r01,البهارات والصوصات
uu-pe-1509-r01,الفواكه والخضار
1-3509-r01,الحلويات والشوكولاتة
al-0377-r01,الحلويات والشوكولاتة
pis-0268-r01,الحلويات والشوكولاتة
ses-0251-r01,أغذية متنوعة
uu-pe-1512-r01,الفواكه والخضار
uu-pe-1513-r01,الفواكه والخضار
zab-0568-r01,الفواكه والخضار
zab-0569-r01,الفواكه والخضار
ses-0252-r01,أغذية متنوعة
uu-pe-1523-r01,الفواكه والخضار
al-0378-r01,الحلويات والشوكولاتة
1-3519-r01,الحلويات والشوكولاتة
pis-0269-r01,الحلويات والشوكولاتة
lup-0206-r01,الحلويات والشوكولاتة
lup-0207-r01,الحلويات والشوكولاتة
1-3525-r01,الحلويات والشوكولاتة
al-0379-r01,الحلويات والشوكولاتة
zab-0570-r01,الفواكه والخضار
zab-0571-r01,الفواكه والخضار
1-3527-r01,الحلويات والشوكولاتة
pis-0270-r01,الحلويات والشوكولاتة
al-0380-r01,الحلويات والشوكولاتة
ses-0253-r01,أغذية متنوعة
ses-0254-r01,البهارات والصوصات
ses-0255-r01,البهارات والصوصات
ses-0256-r01,أغذية متنوعة
ses-0257-r01,أغذية متنوعة
uu-pe-1533-r01,الفواكه والخضار
1-3530-r01,الحلويات والشوكولاتة
al-0381-r01,الحلويات والشوكولاتة
ses-0258-r01,البهارات والصوصات
uu-pe-1538-r01,الفواكه والخضار
ses-0260-r01,أغذية متنوعة
uu-pe-1540-r01,الفواكه والخضار
al-0382-r01,الحلويات والشوكولاتة
pis-0271-r01,الحلويات والشوكولاتة
1-3538-r01,الحلويات والشوكولاتة
al-0383-r01,الحلويات والشوكولاتة
pis-0272-r01,الحلويات والشوكولاتة
ses-0263-r01,أغذية متنوعة
ses-0262-r01,أغذية متنوعة
1-3539-r01,الحلويات والشوكولاتة
uu-pe-1544-r01,الفواكه والخضار
uu-pe-1543-r01,الفواكه والخضار
ses-0261-r01,البهارات والصوصات
1-3553-r01,الحلويات والشوكولاتة
al-0384-r01,الحلويات والشوكولاتة
ses-0264-r01,أغذية متنوعة
pis-0273-r01,الحلويات والشوكولاتة
al-0385-r01,الحلويات والشوكولاتة
al-0386-r01,الحلويات والشوكولاتة
ses-0265-r01,أغذية متنوعة
ses-0266-r01,البهارات والصوصات
al-0387-r01,الحلويات والشوكولاتة
pis-0274-r01,الحلويات والشوكولاتة
1-3562-r01,الحلويات والشوكولاتة
ses-0267-r01,أغذية متنوعة
ses-0268-r01,أغذية متنوعة
1-3566-r01,الحلويات والشوكولاتة
al-0388-r01,الحلويات والشوكولاتة
pis-0275-r01,الحلويات والشوكولاتة
ses-0270-r01,البهارات والصوصات
ses-0271-r01,أغذية متنوعة
ses-0272-r01,أغذية متنوعة
uu-pe-1557-r01,الفواكه والخضار
uu-pe-1559-r01,الفواكه والخضار
1-3570-r01,الحلويات والشوكولاتة
al-0389-r01,الحلويات والشوكولاتة
pis-0276-r01,الحلويات والشوكولاتة
uu-pe-1565-r01,الفواكه والخضار
uu-pe-1566-r01,الفواكه والخضار
ses-0273-r01,أغذية متنوعة
1-3574-r01,الحلويات والشوكولاتة
al-0390-r01,الحلويات والشوكولاتة
pis-0277-r01,الحلويات والشوكولاتة
uu-pe-1573-r01,الفواكه والخضار
uu-pe-1572-r01,الفواكه والخضار
lup-0210-r01,الحلويات والشوكولاتة
al-0391-r01,الحلويات والشوكولاتة
1-3598-r01,الحلويات والشوكولاتة
lup-0212-r01,الحلويات والشوكولاتة
uu-pe-1578-r01,الفواكه والخضار
uu-pe-1580-r01,الفواكه والخضار
pis-0278-r01,الحلويات والشوكولاتة
lup-0214-r01,الحلويات والشوكولاتة
al-0392-r01,الحلويات والشوكولاتة
1-3616-r01,الحلويات والشوكولاتة
uu-pe-1582-r01,الفواكه والخضار
ses-0274-r01,أغذية متنوعة
pis-0279-r01,الحلويات والشوكولاتة
1-3626-r01,الحلويات والشوكولاتة
uu-pe-1588-r01,الفواكه والخضار
uu-pe-1589-r01,الفواكه والخضار
pis-0280-r01,الحلويات والشوكولاتة
1-3643-r01,الحلويات والشوكولاتة
al-0393-r01,الحلويات والشوكولاتة
ses-0275-r01,أغذية متنوعة
al-0394-r01,الحلويات والشوكولاتة
pis-0281-r01,الحلويات والشوكولاتة
1-3646-r01,الحلويات والشوكولاتة
al-0395-r01,الحلويات والشوكولاتة
pis-0282-r01,الحلويات والشوكولاتة
1-3650-r01,الحلويات والشوكولاتة
1-3651-r01,الحلويات والشوكولاتة
al-0397-r01,الحلويات والشوكولاتة
pis-0283-r01,الحلويات والشوكولاتة
ses-0279-r01,أغذية متنوعة
ses-0278-r01,أغذية متنوعة
ses-0277-r01,البهارات والصوصات
ses-0280-r01,البهارات والصوصات
zab-0596-r01,الفواكه والخضار
1-3654-r01,الحلويات والشوكولاتة
al-0398-r01,الحلويات والشوكولاتة
pis-0284-r01,الحلويات والشوكولاتة
pis-0285-r01,الحلويات والشوكولاتة
ses-0281-r01,أغذية متنوعة
1-3655-r01,الحلويات والشوكولاتة
ses-0284-r01,أغذية متنوعة
al-0399-r01,الحلويات والشوكولاتة
1-3663-r01,الحلويات والشوكولاتة
pis-0286-r01,الحلويات والشوكولاتة
ses-0283-r01,البهارات والصوصات
ses-0282-r01,أغذية متنوعة
ses-0285-r01,البهارات والصوصات
uu-pe-1609-r01,الفواكه والخضار
1-3664-r01,الحلويات والشوكولاتة
al-0400-r01,الحلويات والشوكولاتة
pis-0287-r01,الحلويات والشوكولاتة
al-0401-r01,الحلويات والشوكولاتة
ses-0286-r01,البهارات والصوصات
pis-0288-r01,الحلويات والشوكولاتة
ses-0288-r01,أغذية متنوعة
ses-0287-r01,أغذية متنوعة
ses-0289-r01,البهارات والصوصات
uu-pe-1616-r01,الفواكه والخضار
1-3672-r01,الحلويات والشوكولاتة
al-0402-r01,الحلويات والشوكولاتة
pis-0289-r01,الحلويات والشوكولاتة
uu-pe-1619-r01,الفواكه والخضار
pis-0290-r01,الحلويات والشوكولاتة
al-0403-r01,الحلويات والشوكولاتة
ses-0290-r01,البهارات والصوصات
uu-pe-1623-r01,الفواكه والخضار
uu-pe-1624-r01,الفواكه والخضار
al-0404-r01,الحلويات والشوكولاتة
1-3677-r01,الحلويات والشوكولاتة
pis-0291-r01,الحلويات والشوكولاتة
uu-pe-1626-r01,الفواكه والخضار
pis-0292-r01,الحلويات والشوكولاتة
ses-0292-r01,أغذية متنوعة
al-0405-r01,الحلويات والشوكولاتة
pis-0293-r01,الحلويات والشوكولاتة
1-3691-r01,الحلويات والشوكولاتة
uu-pe-1633-r01,الفواكه والخضار
al-0406-r01,الحلويات والشوكولاتة
pis-0294-r01,الحلويات والشوكولاتة
uu-pe-1632-r01,الفواكه والخضار
1-3693-r01,الحلويات والشوكولاتة
lup-0219-r01,الحلويات والشوكولاتة
lup-0220-r01,الحلويات والشوكولاتة
uu-pe-1635-r01,الفواكه والخضار
pis-0295-r01,الحلويات والشوكولاتة
al-0407-r01,الحلويات والشوكولاتة
1-3714-r01,الحلويات والشوكولاتة
ses-0293-r01,أغذية متنوعة
pis-0296-r01,الحلويات والشوكولاتة
al-0408-r01,الحلويات والشوكولاتة
al-0409-r01,الحلويات والشوكولاتة
1-3722-r01,الحلويات والشوكولاتة
1-3723-r01,الحلويات والشوكولاتة
ses-0294-r01,البهارات والصوصات
se-0005-r01,البهارات والصوصات
lup-0221-r01,الحلويات والشوكولاتة
uu-pe-1639-r01,الفواكه والخضار
al-0410-r01,الحلويات والشوكولاتة
1-3735-r01,الحلويات والشوكولاتة
1-3739-r01,الحلويات والشوكولاتة
pis-0297-r01,الحلويات والشوكولاتة
al-0412-r01,الحلويات والشوكولاتة
1-3738-r01,الحلويات والشوكولاتة
1-3737-r01,الحلويات والشوكولاتة
pis-0298-r01,الحلويات والشوكولاتة
zab-0604-r01,الفواكه والخضار
al-0411-r01,الحلويات والشوكولاتة
ses-0295-r01,البهارات والصوصات
uu-pe-1645-r01,الفواكه والخضار
1-3741-r01,الحلويات والشوكولاتة
al-0413-r01,الحلويات والشوكولاتة
pis-0299-r01,الحلويات والشوكولاتة
pis-0300-r01,الحلويات والشوكولاتة
al-0414-r01,الحلويات والشوكولاتة
1-3754-r01,الحلويات والشوكولاتة
ses-0297-r01,أغذية متنوعة
ses-0298-r01,أغذية متنوعة
lup-0222-r01,الحلويات والشوكولاتة
pis-0301-r01,الحلويات والشوكولاتة
al-0415-r01,الحلويات والشوكولاتة
1-3757-r01,الحلويات والشوكولاتة
ses-0299-r01,أغذية متنوعة
ses-0300-r01,أغذية متنوعة
al-0416-r01,الحلويات والشوكولاتة
pis-0302-r01,الحلويات والشوكولاتة
1-3758-r01,الحلويات والشوكولاتة
uu-pe-1648-r01,الفواكه والخضار
ses-0301-r01,أغذية متنوعة
al-0417-r01,الحلويات والشوكولاتة
1-3762-r01,الحلويات والشوكولاتة
uu-pe-1653-r01,الفواكه والخضار
uu-pe-1654-r01,الفواكه والخضار
pis-0303-r01,الحلويات والشوكولاتة
al-0418-r01,الحلويات والشوكولاتة
1-3763-r01,الحلويات والشوكولاتة
uu-pe-1656-r01,الفواكه والخضار
uu-pe-1657-r01,الفواكه والخضار
1-3766-r01,الحلويات والشوكولاتة
pis-0304-r01,الحلويات والشوكولاتة
al-0419-r01,الحلويات والشوكولاتة
al-0420-r01,الحلويات والشوكولاتة
pis-0305-r01,الحلويات والشوكولاتة
1-3772-r01,الحلويات والشوكولاتة
al-0421-r01,الحلويات والشوكولاتة
pis-0306-r01,الحلويات والشوكولاتة
1-3774-r01,الحلويات والشوكولاتة
1-3775-r01,الحلويات والشوكولاتة
al-0422-r01,الحلويات والشوكولاتة
ses-0303-r01,البهارات والصوصات
lup-0224-r01,الحلويات والشوكولاتة
pis-0307-r01,الحلويات والشوكولاتة
al-0423-r01,الحلويات والشوكولاتة
1-3777-r01,الحلويات والشوكولاتة
ses-0304-r01,أغذية متنوعة
uu-pe-1674-r01,الفواكه والخضار
1-3778-r01,الحلويات والشوكولاتة
pis-0308-r01,الحلويات والشوكولاتة
al-0424-r01,الحلويات والشوكولاتة
ses-0305-r01,أغذية متنوعة
ses-0306-r01,أغذية متنوعة
lup-0225-r01,الحلويات والشوكولاتة
al-0425-r01,الحلويات والشوكولاتة
pis-0309-r01,الحلويات والشوكولاتة
1-3783-r01,الحلويات والشوكولاتة
uu-pe-1680-r01,الفواكه والخضار
ses-0307-r01,أغذية متنوعة
al-0426-r01,الحلويات والشوكولاتة
1-3785-r01,الحلويات والشوكولاتة
1-3786-r01,الحلويات والشوكولاتة
al-0427-r01,الحلويات والشوكولاتة
pis-0310-r01,الحلويات والشوكولاتة
ses-0309-r01,البهارات والصوصات
1-3787-r01,الحلويات والشوكولاتة
pis-0311-r01,الحلويات والشوكولاتة
al-0428-r01,الحلويات والشوكولاتة
se-0007-r01,أغذية متنوعة
lup-0227-r01,الحلويات والشوكولاتة
uu-pe-1688-r01,الفواكه والخضار
uu-pe-1689-r01,الفواكه والخضار
pis-0312-r01,الحلويات والشوكولاتة
1-3793-r01,الحلويات والشوكولاتة
al-0429-r01,الحلويات والشوكولاتة
ses-0311-r01,أغذية متنوعة
ses-0312-r01,البهارات والصوصات
1-3796-r01,الحلويات والشوكولاتة
pis-0313-r01,الحلويات والشوكولاتة
ses-0310-r01,أغذية متنوعة
al-0430-r01,الحلويات والشوكولاتة
uu-pe-1704-r01,الفواكه والخضار
uu-pe-1705-r01,الفواكه والخضار
1-3811-r01,الحلويات والشوكولاتة
pis-0315-r01,الحلويات والشوكولاتة
al-0432-r01,الحلويات والشوكولاتة
ses-0313-r01,البهارات والصوصات
uu-pe-1714-r01,الفواكه والخضار
uu-pe-1715-r01,الفواكه والخضار
lup-0230-r01,الحلويات والشوكولاتة
1-3812-r01,الحلويات والشوكولاتة
al-0433-r01,الحلويات والشوكولاتة
1-3816-r01,الحلويات والشوكولاتة
al-0434-r01,الحلويات والشوكولاتة
pis-0316-r01,الحلويات والشوكولاتة
lup-0232-r01,الحلويات والشوكولاتة
1-3817-r01,الحلويات والشوكولاتة
al-0435-r01,الحلويات والشوكولاتة
pis-0317-r01,الحلويات والشوكولاتة
pis-0318-r01,الحلويات والشوكولاتة
al-0436-r01,الحلويات والشوكولاتة
1-3820-r01,الحلويات والشوكولاتة
uu-pe-1723-r01,الفواكه والخضار
uu-pe-1722-r01,الفواكه والخضار
1-3821-r01,الحلويات والشوكولاتة
al-0437-r01,الحلويات والشوكولاتة
pis-0319-r01,الحلويات والشوكولاتة
ses-0314-r01,البهارات والصوصات
1-3827-r01,الحلويات والشوكولاتة
pis-0320-r01,الحلويات والشوكولاتة
al-0438-r01,الحلويات والشوكولاتة
pe-0053-r01,الفواكه والخضار
ses-0315-r01,البهارات والصوصات
ses-0316-r01,أغذية متنوعة
pe-0054-r01,الفواكه والخضار
al-0439-r01,الحلويات والشوكولاتة
pis-0321-r01,الحلويات والشوكولاتة
1-3830-r01,الحلويات والشوكولاتة
lup-0235-r01,الحلويات والشوكولاتة
al-0440-r01,الحلويات والشوكولاتة
1-3834-r01,الحلويات والشوكولاتة
pis-0322-r01,الحلويات والشوكولاتة
pe-0061-r01,الفواكه والخضار
pe-0062-r01,الفواكه والخضار
al-0441-r01,الحلويات والشوكولاتة
1-3835-r01,الحلويات والشوكولاتة
pis-0323-r01,الحلويات والشوكولاتة
pe-0065-r01,الفواكه والخضار
pe-0066-r01,الفواكه والخضار
al-0442-r01,الحلويات والشوكولاتة
1-3836-r01,الحلويات والشوكولاتة
pis-0324-r01,الحلويات والشوكولاتة
ses-0317-r01,البهارات والصوصات
lup-0236-r01,الحلويات والشوكولاتة
1-3839-r01,الحلويات والشوكولاتة
pis-0325-r01,الحلويات والشوكولاتة
al-0443-r01,الحلويات والشوكولاتة
fish-0038-r01,الأسماك والمأكولات البحرية
fish-0039-r01,الأسماك والمأكولات البحرية
bot-0009-r01,مياه شرب/معبأة
sh-0004-r01,الأسماك والمأكولات البحرية
sh-0005-r01,الأسماك والمأكولات البحرية
fish-0051-r01,الأسماك والمأكولات البحرية
bot-0010-r01,مياه شرب/معبأة
sh-0006-r01,الأسماك والمأكولات البحرية
sh-0007-r01,الأسماك والمأكولات البحرية
1-2452-r01,الأسماك والمأكولات البحرية
1-2453-r01,الأسماك والمأكولات البحرية
bot-0016-r01,مياه شرب/معبأة
bot-0017-r01,مياه شرب/معبأة
bot-0018-r01,مياه شرب/معبأة
bot-0019-r01,مياه شرب/معبأة
bot-0020-r01,مياه شرب/معبأة
ubot-0877-r01,مياه شرب/معبأة
ubot-0879-r01,مياه شرب/معبأة
ubot-0881-r01,مياه شرب/معبأة
ubot-0882-r01,مياه شرب/معبأة
ubot-0893-r01,مياه شرب/معبأة
bot-0023-r01,مياه شرب/معبأة
1-3035-ٌ01,الحليب ومنتجات الألبان
1-3036-ٌ01,الحليب ومنتجات الألبان
1-3037-ٌ01,الحليب ومنتجات الألبان
bot-0025-r01,مياه شرب/معبأة
ubot-1004-r01,مياه شرب/معبأة
raw-0319-r01,اللحوم والدواجن
raw-0320-r01,اللحوم والدواجن
raw-0321-r01,اللحوم والدواجن
bot-0027-r01,مياه شرب/معبأة
ubot-1118-r01,مياه شرب/معبأة
ubot-1119-r01,مياه شرب/معبأة
bot-0028-r01,مياه شرب/معبأة
ubot-1176,مياه شرب/معبأة
uu-pe-0419-r01,الفواكه والخضار
uu-pe-422-r01,الفواكه والخضار
o2u-gin-0060-ro1,الفواكه والخضار
uu-pe-0430-r01,الفواكه والخضار
co-0079-r01,الفواكه والخضار
uu-pe-0433-r01,الفواكه والخضار
uu-pe-0442-r01,الفواكه والخضار
uo2-co-0061-r01,الفواكه والخضار
uu-pe-0695-r01,الفواكه والخضار
uu-pr-0447-r01,الفواكه والخضار
uu-pe-0453-r01,الفواكه والخضار
uu-pe-0455-r01,الفواكه والخضار
o2u-gin-0061-r01,الفواكه والخضار
veg-0007-r01,الفواكه والخضار
o2u-gin-0062-r01,الفواكه والخضار
cor-0082-r01,الفواكه والخضار
uu-pe-0476-r01,الفواكه والخضار
uu-pe-0477-r01,الفواكه والخضار
uu-pe-0478-r01,الفواكه والخضار
uu-pe-0479-r01,الفواكه والخضار
uu-pe-0482-r01,الفواكه والخضار
uoss-be-0145-r01,الفواكه والخضار
uu-pe-0483-r01,الفواكه والخضار
o2u-gin-0063-r01,الفواكه والخضار
o2u-gin-0064-r01,الفواكه والخضار
uo2-co-0062-r01,الفواكه والخضار
co-0090-r01,الفواكه والخضار
uu-pe-0503-r01,الفواكه والخضار
o2u-gin-0065-r01,الفواكه والخضار
uu-pe-0504-r01,الفواكه والخضار
uu-pe-0506-r01,الفواكه والخضار
o2u-gin-0066-r01,الفواكه والخضار
uo2-co-0063-r01,الفواكه والخضار
o2u-gin-0067-r01,الفواكه والخضار
uo2-co-0064-r01,الفواكه والخضار
o2u-gin-0068-r01,الفواكه والخضار
uoss-be-0162-r01,الفواكه والخضار
uo2-co-0065-r01,الفواكه والخضار
o2u-gin-0069-r01,الفواكه والخضار
uo2-co-0066-r01,الفواكه والخضار
uu-pe-0516-r01,الفواكه والخضار
uo2-co-0067-r01,الفواكه والخضار
o2u-gin-0070-r01,الفواكه والخضار
uu-pe-0532-r01,الفواكه والخضار
o2u-gin-0071-r01,الفواكه والخضار
uu-pe-0533-r01,الفواكه والخضار
uu-pe-0534-r01,الفواكه والخضار
o2u-gin-0072-r01,الفواكه والخضار
uo2-co-0068-r01,الفواكه والخضار
o2u-gin-0073-r01,الفواكه والخضار
o2u-gin-0074-r01,الفواكه والخضار
uu-pe-0545-r01,الفواكه والخضار
uo2-co-0069-r01,الفواكه والخضار
uu-pe-0546-r01,الفواكه والخضار
uu-pe-0549-r01,الفواكه والخضار
uo2-co-0070-r01,الفواكه والخضار
o2u-gin-0075-r01,الفواكه والخضار
uu-pe-0550-r01,الفواكه والخضار
uu-pe-0551-r01,الفواكه والخضار
uu-pe-0553-r01,الفواكه والخضار
uu-pe-0555-r01,الفواكه والخضار
uo2-co-0071-r01,الفواكه والخضار
uu-pe-0556-r01,الفواكه والخضار
o2u-gin-0077-r01,الفواكه والخضار
uu-pe-0557-r01,الفواكه والخضار
uu-pe-0563-r01,الفواكه والخضار
o2u-gin-0078-r01,الفواكه والخضار
uu-pe-0564-r01,الفواكه والخضار
uo2-co-0072-r01,الفواكه والخضار
o2u-gin-0079-r01,الفواكه والخضار
uu-pe-0565-r01,الفواكه والخضار
uu-pe-0566-r01,الفواكه والخضار
uo2-co-0073-r01,الفواكه والخضار
uu-pe-0568-r01,الفواكه والخضار
uu-pe-0579-r01,الفواكه والخضار
uu-pe-0580-r01,الفواكه والخضار
uu-pe-0582-r01,الفواكه والخضار
uu-pe-0583-r01,الفواكه والخضار
uu-pe-0592-r01,الفواكه والخضار
uu-pe-0593-r01,الفواكه والخضار
uu-pe-0594-r01,الفواكه والخضار
uu-pe-0595-r01,الفواكه والخضار
uu-pe-0596-r01,الفواكه والخضار
o2u-gin-0080-r01,الفواكه والخضار
uo2-co-0074-r01,الفواكه والخضار
uu-pe-0597-r01,الفواكه والخضار
uu-pe-0598-r01,الفواكه والخضار
o2u-gin-0081-r01,الفواكه والخضار
uu-pe-0599-r01,الفواكه والخضار
uu-pe-0600-r01,الفواكه والخضار
uu-pe-0601-r01,الفواكه والخضار
o2u-gin-0082-r01,الفواكه والخضار
uo2-co-0075-r01,الفواكه والخضار
uu-pe-0602-r01,الفواكه والخضار
o2u-gin-0083-r01,الفواكه والخضار
uo2-co-0076-r01,الفواكه والخضار
mango-0021-r01,الفواكه والخضار
o2u-gin-0084-r01,الفواكه والخضار
uu-pe-0614-r01,الفواكه والخضار
uu-pe-0620-r01,الفواكه والخضار
uoss-be-0202-r01,الفواكه والخضار
uoss-be-0204-r01,الفواكه والخضار
uu-pe-0622-r01,الفواكه والخضار
o2u-gin-0085-r01,الفواكه والخضار
uoss-be-0205-r01,الفواكه والخضار
uu-pe-0624-r01,الفواكه والخضار
uu-pe-0625-r01,الفواكه والخضار
uu-pe-0626-r01,الفواكه والخضار
uoss-be-0206-r01,الفواكه والخضار
uo2-co-0077-r01,الفواكه والخضار
uu-pe-0630-r01,الفواكه والخضار
uu-pe-0631-r01,الفواكه والخضار
uu-pe-0632-r01,الفواكه والخضار
o2u-gin-0086-r01,الفواكه والخضار
uu-pe-0633-r01,الفواكه والخضار
uu-pe-0641-r01,الفواكه والخضار
uu-pe-0642-r01,الفواكه والخضار
uu-pe-0646-r01,الفواكه والخضار
uu-pe-0647-r01,الفواكه والخضار
uu-pe-0648-r01,الفواكه والخضار
uu-pe-0649-r01,الفواكه والخضار
uu-pe-0673-r01,الفواكه والخضار
uoss-be-0236-r01,الفواكه والخضار
uo2-co-0078 -r01,الفواكه والخضار
uo2-co-0079 -r01,الفواكه والخضار
o2u-gin-0087-r01,الفواكه والخضار
uu-pe-0680-r01,الفواكه والخضار
uu-pe-0681-r01,الفواكه والخضار
uu-pe-0682-r01,الفواكه والخضار
uo2-co-0080 -r01,الفواكه والخضار
oau-da-1113-r01,الفواكه والخضار
o2u-gin-0088-r01,الفواكه والخضار
uo2-co-0081 -r01,الفواكه والخضار
o2u-gin-0089-r01,الفواكه والخضار
uu-pe-0694-r01,الفواكه والخضار
o2u-gin-0090-r01,الفواكه والخضار
uu-pe-0712-r01,الفواكه والخضار
o2u-gin-0091-r01,الفواكه والخضار
uu-pe-0714-r01,الفواكه والخضار
uu-pe-0715-r01,الفواكه والخضار
uu-pe-0719-r01,الفواكه والخضار
uu-pe-0720-r01,الفواكه والخضار
uu-pe-0727-r01,الفواكه والخضار
uu-pe-0728-r01,الفواكه والخضار
uo2-co-0082 -r01,الفواكه والخضار
uu-pe-0736-r01,الفواكه والخضار
uo2-co-0083 -r01,الفواكه والخضار
uo2-co-0084 -r01,الفواكه والخضار
uu-pe-0742-r01,الفواكه والخضار
uo2-co-0085 -r01,الفواكه والخضار
uu-pe-0747-r01,الفواكه والخضار
uu-pe-0748-r01,الفواكه والخضار
uo2-co-0086 -r01,الفواكه والخضار
o2u-gin-0092-r01,الفواكه والخضار
uu-pe-0756-r01,الفواكه والخضار
uu-pe-0757-r01,الفواكه والخضار
o2u-gin-0093-r01,الفواكه والخضار
uo2-co-0088 -r01,الفواكه والخضار
uu-pe-0770-r01,الفواكه والخضار
o2u-gin-0094-r01,الفواكه والخضار
uo2-co-0089 -r01,الفواكه والخضار
uo2-co-0090 -r01,الفواكه والخضار
uu-pe-0781-r01,الفواكه والخضار
o2u-gin-0095-r01,الفواكه والخضار
o2u-gin-0096-r01,الفواكه والخضار
o2u-gin-0097-r01,الفواكه والخضار
uo2-co-0091 -r01,الفواكه والخضار
o2u-gin-0098-r01,الفواكه والخضار
uo2-co-0092 -r01,الفواكه والخضار
uu-pe-0798-r01,الفواكه والخضار
uu-pe-0799-r01,الفواكه والخضار
uu-pe-0800-r01,الفواكه والخضار
uo2-co-0093 -r01,الفواكه والخضار
uu-pe-0801-r01,الفواكه والخضار
uu-pe-0802-r01,الفواكه والخضار
uu-pe-0807-r01,الفواكه والخضار
o2u-gin-0099-r01,الفواكه والخضار
uo2-co-0095 -r01,الفواكه والخضار
uu-pe-0811-r01,الفواكه والخضار
o2u-gin-0100-r01,الفواكه والخضار
uo2-co-0096 -r01,الفواكه والخضار
o2u-gin-0101-r01,الفواكه والخضار
uu-pe-0814-r01,الفواكه والخضار
o2u-gin-0102-r01,الفواكه والخضار
o2u-gin-0103-r01,الفواكه والخضار
o2u-gin-0104-r01,الفواكه والخضار
o2u-gin-0105-r01,الفواكه والخضار
o2u-gin-0106-r01,الفواكه والخضار
uu-pe-0841-r01,الفواكه والخضار
o2u-gin-0107-r01,الفواكه والخضار
uo2-co-0097 -r01,الفواكه والخضار
uo2-co-0098-r01,الفواكه والخضار
uo2-co-0099-r01,الفواكه والخضار
uu-pe-0864-r01,الفواكه والخضار
uu-pe-0865-r01,الفواكه والخضار
uu-pe-0866-r01,الفواكه والخضار
uu-pe-0867-r01,الفواكه والخضار
uo2-co-0100-r01,الفواكه والخضار
o2u-gin-0108-r01,الفواكه والخضار
uu-pe-0881-r01,الفواكه والخضار
uo2-co-0101-r01,الفواكه والخضار
uu-pe-0898-r01,الفواكه والخضار
uu-pe-0899-r01,الفواكه والخضار
o2u-gin-0109-r01,الفواكه والخضار
uoss-be-0289-r01,الفواكه والخضار
uo2-co-0102-r01,الفواكه والخضار
uu-pe-0910-r01,الفواكه والخضار
uu-pe-0911-r01,الفواكه والخضار
uu-pe-0916-r01,الفواكه والخضار
uu-pe-0917-r01,الفواكه والخضار
uu-pe-0920-r01,الفواكه والخضار
uu-pe-0927-r01,الفواكه والخضار
uu-pe-0931-r01,الفواكه والخضار
uu-pe-0932-r01,الفواكه والخضار
uu-pe-0935-r01,الفواكه والخضار
uu-pe-0936-r01,الفواكه والخضار
uu-pe-0941-r01,الفواكه والخضار
uu-pe-0942-r01,الفواكه والخضار
uu-pe-0962-r01,الفواكه والخضار
uu-pe-0976-r01,الفواكه والخضار
uu-pe-0991-r01,الفواكه والخضار
uu-pe-0998-r01,الفواكه والخضار
uu-pe-1011-r01,الفواكه والخضار
uu-pe-1013-r01,الفواكه والخضار
uu-pe-1016-r01,الفواكه والخضار
uu-pe-1039-r01,الفواكه والخضار
uu-pe-1040-r01,الفواكه والخضار
uu-pe-1041-r01,الفواكه والخضار
uu-pe-1046-r01,الفواكه والخضار
uu-pe-1050-r01,الفواكه والخضار
uu-pe-1051-r01,الفواكه والخضار
uu-pe-1052-r01,الفواكه والخضار
uu-pe-1055-r01,الفواكه والخضار
uu-pe-1067-r01,الفواكه والخضار
uu-pe-1072-r01,الفواكه والخضار
uu-pe-1077-r01,الفواكه والخضار
uu-pe-1084-r01,الفواكه والخضار
uu-pe-1085-r01,الفواكه والخضار
uu-pe-1090-r01,الفواكه والخضار
uu-pe-1096-r01,الفواكه والخضار
uu-pe-1103-r01,الفواكه والخضار
uu-pe-1107-r01,الفواكه والخضار
uu-pe-1116-r01,الفواكه والخضار
uu-pe-1120-r01,الفواكه والخضار
uu-pe-1121-r01,الفواكه والخضار
uu-pe-1140-r01,الفواكه والخضار
uu-pe-1150-r01,الفواكه والخضار
uu-pe-1151-r01,الفواكه والخضار
uu-pe-1163-r01,الفواكه والخضار
uu-pe-1164-r01,الفواكه والخضار
uu-pe-1165-r01,الفواكه والخضار
uu-pe-1166-r01,الفواكه والخضار
uu-pe-1170-r01,الفواكه والخضار
uu-pe-1182-r01,الفواكه والخضار
uu-pe-1185-r01,الفواكه والخضار
uu-pe-1186-r01,الفواكه والخضار
uu-pe-1187-r01,الفواكه والخضار
uu-pe-1192-r01,الفواكه والخضار
uu-pe-1193-r01,الفواكه والخضار
uu-pe-1195-r01,الفواكه والخضار
uu-pe-1196-r01,الفواكه والخضار
uu-pe-1227-r01,الفواكه والخضار
uu-pe-1228-r01,الفواكه والخضار
uu-pe-1229-r01,الفواكه والخضار
uu-pe-1235-r01,الفواكه والخضار
uu-pe-1236-r01,الفواكه والخضار
uu-pe-1249-r01,الفواكه والخضار
uu-pe-1250-r01,الفواكه والخضار
uu-pe-1256-r01,الفواكه والخضار
uu-pe-1267-r01,الفواكه والخضار
uu-pe-1275-r01,الفواكه والخضار
uu-pe-1276-r01,الفواكه والخضار
uu-pe-1284-r01,الفواكه والخضار
uu-pe-1290-r01,الفواكه والخضار
uu-pe-1297-r01,الفواكه والخضار
uu-pe-1303-r01,الفواكه والخضار
uu-pe-1308-r01,الفواكه والخضار
uu-pe-1309-r01,الفواكه والخضار
uu-pe-1314-r01,الفواكه والخضار
uu-pe-1315-r01,الفواكه والخضار
uu-pe-1318-r01,الفواكه والخضار
uu-pe-1323-r01,الفواكه والخضار
uu-pe-1324-r01,الفواكه والخضار
uu-pe-1339-r01,الفواكه والخضار
uu-pe-1345-r01,الفواكه والخضار
uu-pe-1351-r01,الفواكه والخضار
uu-pe-1366-r01,الفواكه والخضار
uu-pe-1361-r01,الفواكه والخضار
uu-pe-1371-r01,الفواكه والخضار
uu-pe-1372-r01,الفواكه والخضار
uu-pe-1373-r01,الفواكه والخضار
uu-pe-1394-r01,الفواكه والخضار
uu-pe-1413-r01,الفواكه والخضار
uu-pe-1424-r01,الفواكه والخضار
uu-pe-1430-r01,الفواكه والخضار
uu-pe-1447-r01,الفواكه والخضار
uu-pe-1454-r01,الفواكه والخضار
uu-pe-1455-r01,الفواكه والخضار
uu-pe-1475-r01,الفواكه والخضار
uu-pe-1527-r01,الفواكه والخضار
uu-pe-1530-r01,الفواكه والخضار
uu-pe-1534-r01,الفواكه والخضار
uu-pe-1539-r01,الفواكه والخضار
uu-pe-1549-r01,الفواكه والخضار
uu-pe-1547-r01,الفواكه والخضار
uu-pe-1550-r01,الفواكه والخضار
uu-pe-1560-r01,الفواكه والخضار
uu-pe-1567-r01,الفواكه والخضار
uu-pe-1574-r01,الفواكه والخضار
uu-pe-1579-r01,الفواكه والخضار
uu-pe-1581-r01,الفواكه والخضار
uu-pe-1587-r01,الفواكه والخضار
uu-pe-1593-r01,الفواكه والخضار
uu-pe-1601-r01,الفواكه والخضار
uu-pe-1605-r01,الفواكه والخضار
uu-pe-1607-r01,الفواكه والخضار
uu-pe-1627-r01,الفواكه والخضار
uu-pe-1629-r01,الفواكه والخضار
uu-pe-1640-r01,الفواكه والخضار
uu-pe-1641-r01,الفواكه والخضار
uu-pe-1646-r01,الفواكه والخضار
uu-pe-1649-r01,الفواكه والخضار
uu-pe-1650-r01,الفواكه والخضار
uu-pe-1664-r01,الفواكه والخضار
uu-pe-1668-r01,الفواكه والخضار
uu-pe-1669-r01,الفواكه والخضار
uu-pe-1673-r01,الفواكه والخضار
uu-pe-1679-r01,الفواكه والخضار
uu-pe-1685-r01,الفواكه والخضار
uu-pe-1686-r01,الفواكه والخضار
uu-pe-1687-r01,الفواكه والخضار
uu-pe-1692-r01,الفواكه والخضار
uu-pe-1693-r01,الفواكه والخضار
uu-pe-1701-r01,الفواكه والخضار
uu-pe-1702-r01,الفواكه والخضار
uu-pe-1711-r01,الفواكه والخضار
uu-pe-1716-r01,الفواكه والخضار
pe-0050-r01,الفواكه والخضار
pe-0051-r01,الفواكه والخضار
pe-0055-r01,الفواكه والخضار
pe-0056-r01,الفواكه والخضار
pe-0057-r01,الفواكه والخضار
ubot-0589-r01,مياه شرب/معبأة
bot-0003-r01,مياه شرب/معبأة
ubot-0598-r01,مياه شرب/معبأة
ubot-0606-r021,مياه شرب/معبأة
ubot-0609-r01,مياه شرب/معبأة
ubot-0610-r01,مياه شرب/معبأة
bot-0005-r01,مياه شرب/معبأة
bot-0007-r01,مياه شرب/معبأة
